manifest_path	canonical_candidate	status	reader
hotstrings.enabled	hotstrings.enabled	scalar_reader	Preferences.KEY_MAP
hotstrings.dynamic.enabled	hotstrings.groups.dynamichotstrings	retire_dormant_scalar_use_registry_group	RegistryIndex.is_group_enabled
hotstrings.trigger_char	hotstrings.trigger_char	scalar_reader	Preferences.KEY_MAP
hotstrings.repeat_key_enabled	hotstrings.repeat_key_enabled	scalar_reader	Preferences.KEY_MAP
hotstrings.expansion_delay	hotstrings.expansion_delay	scalar_reader	Preferences.KEY_MAP
hotstrings.preview_ai_enabled	hotstrings.preview_ai_enabled	scalar_reader	Preferences.KEY_MAP
hotstrings.preview_autocorrect_enabled	hotstrings.preview_autocorrect_enabled	scalar_reader	Preferences.KEY_MAP
hotstrings.preview_colored_tooltips	hotstrings.preview_colored_tooltips	scalar_reader	Preferences.KEY_MAP
hotstrings.preview_star_enabled	hotstrings.preview_star_enabled	scalar_reader	Preferences.KEY_MAP
hotstrings.autocorrection.caps.enabled	hotstrings.modules.autocorrection.caps	registry_section	RegistryGroups.load_toml -> RegistryIndex.is_section_enabled
hotstrings.autocorrection.caps.time_activation_seconds	hotstrings_config.toml:[autocorrection.caps].delay	separate_store_resolver_engine_audit_needed	HotstringsConfig.resolve; State.SECTION_DELAYS reads corpus metadata
hotstrings.distances_reduction.qu.enabled	hotstrings.modules.distancesreduction.qu	registry_section	RegistryGroups.load_toml -> RegistryIndex.is_section_enabled
hotstrings.distances_reduction.qu.time_activation_seconds	hotstrings_config.toml:[distancesreduction.qu].delay	separate_store_resolver_engine_audit_needed	HotstringsConfig.resolve; State.SECTION_DELAYS reads corpus metadata
hotstrings.distances_reduction.comma_j.enabled	hotstrings.modules.distancesreduction.comma_j	registry_section	RegistryGroups.load_toml -> RegistryIndex.is_section_enabled
hotstrings.distances_reduction.comma_far_letters.enabled	hotstrings.modules.distancesreduction.comma_far_letters	registry_section	RegistryGroups.load_toml -> RegistryIndex.is_section_enabled
hotstrings.distances_reduction.dead_key_e_circumflex.enabled	hotstrings.modules.distancesreduction.dead_key_e_circumflex	registry_section	RegistryGroups.load_toml -> RegistryIndex.is_section_enabled
hotstrings.distances_reduction.e_circumflex_e.enabled	hotstrings.modules.distancesreduction.e_circumflex_e	registry_section	RegistryGroups.load_toml -> RegistryIndex.is_section_enabled
hotstrings.distances_reduction.e_circumflex_e.time_activation_seconds	hotstrings_config.toml:[distancesreduction.e_circumflex_e].delay	separate_store_resolver_engine_audit_needed	HotstringsConfig.resolve; State.SECTION_DELAYS reads corpus metadata
hotstrings.distances_reduction.space_around_symbols.enabled	hotstrings.modules.distancesreduction.space_around_symbols	no_bundled_registered_section	D:/Documents/GitHub/ergopti/static/ergopti_plus/_shared/modules/hotstrings/distancesreduction.toml
hotstrings.sfbs_reduction.comma.enabled	hotstrings.modules.sfbsreduction.comma	registry_section	RegistryGroups.load_toml -> RegistryIndex.is_section_enabled
hotstrings.sfbs_reduction.comma.time_activation_seconds	hotstrings_config.toml:[sfbsreduction.comma].delay	separate_store_resolver_engine_audit_needed	HotstringsConfig.resolve; State.SECTION_DELAYS reads corpus metadata
hotstrings.sfbs_reduction.e_circ.enabled	hotstrings.modules.sfbsreduction.e_circ	registry_section	RegistryGroups.load_toml -> RegistryIndex.is_section_enabled
hotstrings.sfbs_reduction.e_circ.time_activation_seconds	hotstrings_config.toml:[sfbsreduction.e_circ].delay	separate_store_resolver_engine_audit_needed	HotstringsConfig.resolve; State.SECTION_DELAYS reads corpus metadata
hotstrings.sfbs_reduction.e_grave.enabled	hotstrings.modules.sfbsreduction.e_grave	registry_section	RegistryGroups.load_toml -> RegistryIndex.is_section_enabled
hotstrings.sfbs_reduction.e_grave.time_activation_seconds	hotstrings_config.toml:[sfbsreduction.e_grave].delay	separate_store_resolver_engine_audit_needed	HotstringsConfig.resolve; State.SECTION_DELAYS reads corpus metadata
hotstrings.sfbs_reduction.bu.enabled	hotstrings.modules.sfbsreduction.bu	registry_section	RegistryGroups.load_toml -> RegistryIndex.is_section_enabled
hotstrings.sfbs_reduction.i_e_acute.enabled	hotstrings.modules.sfbsreduction.i_e_acute	registry_section	RegistryGroups.load_toml -> RegistryIndex.is_section_enabled
hotstrings.rolls.hc.enabled	hotstrings.modules.rolls.hc	registry_section	RegistryGroups.load_toml -> RegistryIndex.is_section_enabled
hotstrings.rolls.hc.time_activation_seconds	hotstrings_config.toml:[rolls.hc].delay	separate_store_resolver_engine_audit_needed	HotstringsConfig.resolve; State.SECTION_DELAYS reads corpus metadata
hotstrings.rolls.sx.enabled	hotstrings.modules.rolls.sx	registry_section	RegistryGroups.load_toml -> RegistryIndex.is_section_enabled
hotstrings.rolls.sx.time_activation_seconds	hotstrings_config.toml:[rolls.sx].delay	separate_store_resolver_engine_audit_needed	HotstringsConfig.resolve; State.SECTION_DELAYS reads corpus metadata
hotstrings.rolls.cx.enabled	hotstrings.modules.rolls.cx	registry_section	RegistryGroups.load_toml -> RegistryIndex.is_section_enabled
hotstrings.rolls.cx.time_activation_seconds	hotstrings_config.toml:[rolls.cx].delay	separate_store_resolver_engine_audit_needed	HotstringsConfig.resolve; State.SECTION_DELAYS reads corpus metadata
hotstrings.rolls.ct.enabled	hotstrings.modules.rolls.ct	registry_section	RegistryGroups.load_toml -> RegistryIndex.is_section_enabled
hotstrings.rolls.ct.time_activation_seconds	hotstrings_config.toml:[rolls.ct].delay	separate_store_resolver_engine_audit_needed	HotstringsConfig.resolve; State.SECTION_DELAYS reads corpus metadata
hotstrings.rolls.ez.enabled	hotstrings.modules.rolls.ez	registry_section	RegistryGroups.load_toml -> RegistryIndex.is_section_enabled
hotstrings.rolls.ez.time_activation_seconds	hotstrings_config.toml:[rolls.ez].delay	separate_store_resolver_engine_audit_needed	HotstringsConfig.resolve; State.SECTION_DELAYS reads corpus metadata
hotstrings.rolls.assign.enabled	hotstrings.modules.rolls.assign	registry_section	RegistryGroups.load_toml -> RegistryIndex.is_section_enabled
hotstrings.rolls.assign_arrow_equal_left.enabled	hotstrings.modules.rolls.assign_arrow_equal_left	registry_section	RegistryGroups.load_toml -> RegistryIndex.is_section_enabled
hotstrings.rolls.assign_arrow_equal_right.enabled	hotstrings.modules.rolls.assign_arrow_equal_right	registry_section	RegistryGroups.load_toml -> RegistryIndex.is_section_enabled
hotstrings.rolls.assign_arrow_minus_left.enabled	hotstrings.modules.rolls.assign_arrow_minus_left	registry_section	RegistryGroups.load_toml -> RegistryIndex.is_section_enabled
hotstrings.rolls.assign_arrow_minus_right.enabled	hotstrings.modules.rolls.assign_arrow_minus_right	registry_section	RegistryGroups.load_toml -> RegistryIndex.is_section_enabled
hotstrings.rolls.bracket_quote.enabled	hotstrings.modules.rolls.bracket_quote	registry_section	RegistryGroups.load_toml -> RegistryIndex.is_section_enabled
hotstrings.rolls.chevron_equal.enabled	hotstrings.modules.rolls.chevron_equal	no_bundled_registered_section	D:/Documents/GitHub/ergopti/static/ergopti_plus/_shared/modules/hotstrings/rolls.toml
hotstrings.rolls.chevron_greater.enabled	hotstrings.modules.rolls.chevron_greater	registry_section	RegistryGroups.load_toml -> RegistryIndex.is_section_enabled
hotstrings.rolls.chevron_less.enabled	hotstrings.modules.rolls.chevron_less	registry_section	RegistryGroups.load_toml -> RegistryIndex.is_section_enabled
hotstrings.rolls.close_chevron_tag.enabled	hotstrings.modules.rolls.close_chevron_tag	registry_section	RegistryGroups.load_toml -> RegistryIndex.is_section_enabled
hotstrings.rolls.close_chevron_tag.time_activation_seconds	hotstrings_config.toml:[rolls.close_chevron_tag].delay	separate_store_resolver_engine_audit_needed	HotstringsConfig.resolve; State.SECTION_DELAYS reads corpus metadata
hotstrings.rolls.comment_close.enabled	hotstrings.modules.rolls.comment_close	registry_section	RegistryGroups.load_toml -> RegistryIndex.is_section_enabled
hotstrings.rolls.comment_close.time_activation_seconds	hotstrings_config.toml:[rolls.comment_close].delay	separate_store_resolver_engine_audit_needed	HotstringsConfig.resolve; State.SECTION_DELAYS reads corpus metadata
hotstrings.rolls.comment_open.enabled	hotstrings.modules.rolls.comment_open	registry_section	RegistryGroups.load_toml -> RegistryIndex.is_section_enabled
hotstrings.rolls.comment_open.time_activation_seconds	hotstrings_config.toml:[rolls.comment_open].delay	separate_store_resolver_engine_audit_needed	HotstringsConfig.resolve; State.SECTION_DELAYS reads corpus metadata
hotstrings.rolls.english_negation.enabled	hotstrings.modules.rolls.english_negation	registry_section	RegistryGroups.load_toml -> RegistryIndex.is_section_enabled
hotstrings.rolls.equal_string.enabled	hotstrings.modules.rolls.equal_string	registry_section	RegistryGroups.load_toml -> RegistryIndex.is_section_enabled
hotstrings.rolls.hashtag_close_bracket.enabled	hotstrings.modules.rolls.hashtag_close_bracket	registry_section	RegistryGroups.load_toml -> RegistryIndex.is_section_enabled
hotstrings.rolls.hashtag_close_bracket.time_activation_seconds	hotstrings_config.toml:[rolls.hashtag_close_bracket].delay	separate_store_resolver_engine_audit_needed	HotstringsConfig.resolve; State.SECTION_DELAYS reads corpus metadata
hotstrings.rolls.hashtag_open_bracket.enabled	hotstrings.modules.rolls.hashtag_open_bracket	registry_section	RegistryGroups.load_toml -> RegistryIndex.is_section_enabled
hotstrings.rolls.hashtag_open_bracket.time_activation_seconds	hotstrings_config.toml:[rolls.hashtag_open_bracket].delay	separate_store_resolver_engine_audit_needed	HotstringsConfig.resolve; State.SECTION_DELAYS reads corpus metadata
hotstrings.rolls.hashtag_parenthesis.enabled	hotstrings.modules.rolls.hashtag_parenthesis	registry_section	RegistryGroups.load_toml -> RegistryIndex.is_section_enabled
hotstrings.rolls.hashtag_parenthesis.time_activation_seconds	hotstrings_config.toml:[rolls.hashtag_parenthesis].delay	separate_store_resolver_engine_audit_needed	HotstringsConfig.resolve; State.SECTION_DELAYS reads corpus metadata
hotstrings.rolls.hashtag_quote.enabled	hotstrings.modules.rolls.hashtag_quote	no_bundled_registered_section	D:/Documents/GitHub/ergopti/static/ergopti_plus/_shared/modules/hotstrings/rolls.toml
hotstrings.rolls.left_arrow.enabled	hotstrings.modules.rolls.left_arrow	registry_section	RegistryGroups.load_toml -> RegistryIndex.is_section_enabled
hotstrings.rolls.not_equal.enabled	hotstrings.modules.rolls.not_equal	registry_section	RegistryGroups.load_toml -> RegistryIndex.is_section_enabled
hotstrings.rolls.paren_quote.enabled	hotstrings.modules.rolls.paren_quote	registry_section	RegistryGroups.load_toml -> RegistryIndex.is_section_enabled
hotstrings.magic_key.replace.enabled	hotstrings.modules.magickey.replace	no_bundled_registered_section	D:/Documents/GitHub/ergopti/static/ergopti_plus/_shared/modules/hotstrings/magickey.toml
hotstrings.magic_key.repeat_corrections.enabled	hotstrings.modules.magickey.repeat_corrections	registry_section	RegistryGroups.load_toml -> RegistryIndex.is_section_enabled
hotstrings.magic_key.repeat_corrections.time_activation_seconds	hotstrings_config.toml:[magickey.repeat_corrections].delay	separate_store_resolver_engine_audit_needed	HotstringsConfig.resolve; State.SECTION_DELAYS reads corpus metadata
hotstrings.magic_key.text_expansion_symbols.enabled	hotstrings.modules.magickey.text_expansion_symbols	registry_section	RegistryGroups.load_toml -> RegistryIndex.is_section_enabled
hotstrings.magic_key.text_expansion_symbols.time_activation_seconds	hotstrings_config.toml:[magickey.text_expansion_symbols].delay	separate_store_resolver_engine_audit_needed	HotstringsConfig.resolve; State.SECTION_DELAYS reads corpus metadata
hotstrings.magic_key.text_expansion_symbols_typst.enabled	hotstrings.modules.magickey.text_expansion_symbols_typst	registry_section	RegistryGroups.load_toml -> RegistryIndex.is_section_enabled
hotstrings.magic_key.text_expansion_symbols_typst.time_activation_seconds	hotstrings_config.toml:[magickey.text_expansion_symbols_typst].delay	separate_store_resolver_engine_audit_needed	HotstringsConfig.resolve; State.SECTION_DELAYS reads corpus metadata
hotstrings.french_distancesreduction.suffixes_a.enabled	hotstrings.modules.french_distancesreduction.suffixes_a	registry_section	RegistryGroups.load_toml -> RegistryIndex.is_section_enabled
hotstrings.french_distancesreduction.suffixes_a.time_activation_seconds	hotstrings_config.toml:[french_distancesreduction.suffixes_a].delay	separate_store_resolver_engine_audit_needed	HotstringsConfig.resolve; State.SECTION_DELAYS reads corpus metadata
hotstrings.french_autocorrection.accents.enabled	hotstrings.modules.french_autocorrection.accents	registry_section	RegistryGroups.load_toml -> RegistryIndex.is_section_enabled
hotstrings.french_autocorrection.accents.time_activation_seconds	hotstrings_config.toml:[french_autocorrection.accents].delay	separate_store_resolver_engine_audit_needed	HotstringsConfig.resolve; State.SECTION_DELAYS reads corpus metadata
hotstrings.french_autocorrection.names.enabled	hotstrings.modules.french_autocorrection.names	registry_section	RegistryGroups.load_toml -> RegistryIndex.is_section_enabled
hotstrings.french_autocorrection.names.time_activation_seconds	hotstrings_config.toml:[french_autocorrection.names].delay	separate_store_resolver_engine_audit_needed	HotstringsConfig.resolve; State.SECTION_DELAYS reads corpus metadata
hotstrings.french_autocorrection.typographic_apostrophe.enabled	hotstrings.modules.french_autocorrection.typographic_apostrophe	registry_section	RegistryGroups.load_toml -> RegistryIndex.is_section_enabled
hotstrings.french_autocorrection.typographic_apostrophe.time_activation_seconds	hotstrings_config.toml:[french_autocorrection.typographic_apostrophe].delay	separate_store_resolver_engine_audit_needed	HotstringsConfig.resolve; State.SECTION_DELAYS reads corpus metadata
hotstrings.french_autocorrection.errors.enabled	hotstrings.modules.french_autocorrection.errors	registry_section	RegistryGroups.load_toml -> RegistryIndex.is_section_enabled
hotstrings.french_autocorrection.errors.time_activation_seconds	hotstrings_config.toml:[french_autocorrection.errors].delay	separate_store_resolver_engine_audit_needed	HotstringsConfig.resolve; State.SECTION_DELAYS reads corpus metadata
hotstrings.french_autocorrection.ou.enabled	hotstrings.modules.french_autocorrection.ou	registry_section	RegistryGroups.load_toml -> RegistryIndex.is_section_enabled
hotstrings.french_autocorrection.ou.time_activation_seconds	hotstrings_config.toml:[french_autocorrection.ou].delay	separate_store_resolver_engine_audit_needed	HotstringsConfig.resolve; State.SECTION_DELAYS reads corpus metadata
hotstrings.french_autocorrection.multiple_punctuation_marks.enabled	hotstrings.modules.french_autocorrection.multiple_punctuation_marks	registry_section	RegistryGroups.load_toml -> RegistryIndex.is_section_enabled
hotstrings.french_autocorrection.multiple_punctuation_marks.time_activation_seconds	hotstrings_config.toml:[french_autocorrection.multiple_punctuation_marks].delay	separate_store_resolver_engine_audit_needed	HotstringsConfig.resolve; State.SECTION_DELAYS reads corpus metadata
hotstrings.french_autocorrection.suffixes_a_chaining.enabled	hotstrings.modules.french_autocorrection.suffixes_a_chaining	registry_section	RegistryGroups.load_toml -> RegistryIndex.is_section_enabled
hotstrings.french_autocorrection.suffixes_a_chaining.time_activation_seconds	hotstrings_config.toml:[french_autocorrection.suffixes_a_chaining].delay	separate_store_resolver_engine_audit_needed	HotstringsConfig.resolve; State.SECTION_DELAYS reads corpus metadata
hotstrings.french_autocorrection.minus.enabled	hotstrings.modules.french_autocorrection.minus	registry_section	RegistryGroups.load_toml -> RegistryIndex.is_section_enabled
hotstrings.french_autocorrection.minus.time_activation_seconds	hotstrings_config.toml:[french_autocorrection.minus].delay	separate_store_resolver_engine_audit_needed	HotstringsConfig.resolve; State.SECTION_DELAYS reads corpus metadata
hotstrings.french_autocorrection.minus_apostrophe.enabled	hotstrings.modules.french_autocorrection.minus_apostrophe	registry_section	RegistryGroups.load_toml -> RegistryIndex.is_section_enabled
hotstrings.french_autocorrection.minus_apostrophe.time_activation_seconds	hotstrings_config.toml:[french_autocorrection.minus_apostrophe].delay	separate_store_resolver_engine_audit_needed	HotstringsConfig.resolve; State.SECTION_DELAYS reads corpus metadata
hotstrings.french_magickey.text_expansion.enabled	hotstrings.modules.french_magickey.text_expansion	registry_section	RegistryGroups.load_toml -> RegistryIndex.is_section_enabled
hotstrings.french_magickey.text_expansion.time_activation_seconds	hotstrings_config.toml:[french_magickey.text_expansion].delay	separate_store_resolver_engine_audit_needed	HotstringsConfig.resolve; State.SECTION_DELAYS reads corpus metadata
hotstrings.french_magickey.text_expansion_auto.enabled	hotstrings.modules.french_magickey.text_expansion_auto	registry_section	RegistryGroups.load_toml -> RegistryIndex.is_section_enabled
hotstrings.french_magickey.text_expansion_auto.time_activation_seconds	hotstrings_config.toml:[french_magickey.text_expansion_auto].delay	separate_store_resolver_engine_audit_needed	HotstringsConfig.resolve; State.SECTION_DELAYS reads corpus metadata
hotstrings.french_magickey.text_expansion_emojis.enabled	hotstrings.modules.french_magickey.text_expansion_emojis	registry_section	RegistryGroups.load_toml -> RegistryIndex.is_section_enabled
hotstrings.french_magickey.text_expansion_emojis.time_activation_seconds	hotstrings_config.toml:[french_magickey.text_expansion_emojis].delay	separate_store_resolver_engine_audit_needed	HotstringsConfig.resolve; State.SECTION_DELAYS reads corpus metadata
hotstrings.dynamic.date.enabled	hotstrings.modules.dynamichotstrings.date	registry_section	RulesEngine.guard -> RegistryIndex.is_section_enabled
hotstrings.dynamic.date_fr.enabled	hotstrings.modules.dynamichotstrings.datefr	registry_section	RulesEngine.guard -> RegistryIndex.is_section_enabled
hotstrings.dynamic.date_long_fr.enabled	hotstrings.modules.dynamichotstrings.datelongfr	registry_section	RulesEngine.guard -> RegistryIndex.is_section_enabled
hotstrings.dynamic.iban_prefixes.enabled	hotstrings.modules.dynamichotstrings.ibanprefixes	registry_section	RulesEngine.guard -> RegistryIndex.is_section_enabled
hotstrings.dynamic.phone_prefixes.enabled	hotstrings.modules.dynamichotstrings.phoneprefixes	registry_section	RulesEngine.guard -> RegistryIndex.is_section_enabled
hotstrings.dynamic.ssn_prefixes.enabled	hotstrings.modules.dynamichotstrings.ssnprefixes	registry_section	RulesEngine.guard -> RegistryIndex.is_section_enabled
hotstrings.dynamic.text_expansion_personal_information.enabled	hotstrings.modules.personal_info	scalar_reader_runtime_owner	MenuState -> dynamic_hotstrings.enable/disable
hotstrings.dynamic.text_expansion_personal_information.pattern_max_length	NONE	no_native_reader	generated only
hotstrings.personal.autocorrection.enabled	hotstrings.modules.personal.autocorrection	requires_actual_personal_catalogue	PersonalHotstrings.load; no ownership without registered descriptor
hotstrings.personal.autocorrection.time_activation_seconds	hotstrings_config.toml:[personal.autocorrection].delay	requires_actual_personal_catalogue	PersonalHotstrings.load; no ownership without registered descriptor
hotstrings.personal.code.enabled	hotstrings.modules.personal.code	requires_actual_personal_catalogue	PersonalHotstrings.load; no ownership without registered descriptor
hotstrings.personal.code.time_activation_seconds	hotstrings_config.toml:[personal.code].delay	requires_actual_personal_catalogue	PersonalHotstrings.load; no ownership without registered descriptor
hotstrings.personal.email_shortcuts.enabled	hotstrings.modules.personal.email_shortcuts	requires_actual_personal_catalogue	PersonalHotstrings.load; no ownership without registered descriptor
hotstrings.personal.email_shortcuts.time_activation_seconds	hotstrings_config.toml:[personal.email_shortcuts].delay	requires_actual_personal_catalogue	PersonalHotstrings.load; no ownership without registered descriptor
hotstrings.personal.professional_vocabulary.enabled	hotstrings.modules.personal.professional_vocabulary	requires_actual_personal_catalogue	PersonalHotstrings.load; no ownership without registered descriptor
hotstrings.personal.professional_vocabulary.time_activation_seconds	hotstrings_config.toml:[personal.professional_vocabulary].delay	requires_actual_personal_catalogue	PersonalHotstrings.load; no ownership without registered descriptor
hotstrings.personal.test.enabled	hotstrings.modules.personal.test	requires_actual_personal_catalogue	PersonalHotstrings.load; no ownership without registered descriptor
hotstrings.personal.test.time_activation_seconds	hotstrings_config.toml:[personal.test].delay	requires_actual_personal_catalogue	PersonalHotstrings.load; no ownership without registered descriptor
