run,sample,total_ms,clamp_ms,show_ms,corners_ms,border_ms,prepare_ms,move_ms,outer_show_ms
isolated,1,5.6375,0.0728,0.8827,0.0151,4.6669,0.0112,0.8413,0.0302
isolated,2,1.6652,0.0803,1.2283,0.0144,0.3422,0.0131,1.1877,0.0275
isolated,3,2.2062,0.056,1.8819,0.0153,0.253,0.0119,1.8446,0.0254
isolated,4,4.1421,0.855,2.9654,0.0144,0.3073,0.0153,2.9203,0.0298
isolated,5,2.4583,0.0711,2.0776,0.016,0.2936,0.0154,2.0326,0.0296
isolated,6,3.5476,0.0868,3.1794,0.015,0.2664,0.0174,3.1325,0.0295
isolated,7,4.0056,0.0824,3.1433,0.0422,0.7377,0.0121,3.0333,0.0979
isolated,8,1.4494,0.0573,1.1023,0.0115,0.2783,0.0123,1.0645,0.0255
isolated,9,1.6232,0.0645,1.3125,0.0132,0.233,0.0285,1.2536,0.0304
isolated,10,2.2775,0.0709,1.1324,0.0155,1.0587,0.0111,1.0972,0.0241
isolated,11,1.1693,0.0487,0.9141,0.0147,0.1918,0.0097,0.8818,0.0226
isolated,12,1.8599,0.0756,1.4421,0.0152,0.327,0.0126,1.4032,0.0263
isolated,13,1.2103,0.0592,0.9651,0.0225,0.1635,0.0108,0.9351,0.0192
isolated,14,1.2664,0.0633,1.0036,0.0132,0.1863,0.0125,0.9697,0.0214
isolated,15,1.9403,0.0997,1.3884,0.0328,0.4194,0.0188,1.34,0.0296
isolated,16,1.7513,0.0817,1.4879,0.0126,0.1691,0.0135,1.4504,0.024
isolated,17,1.976,0.0794,1.6955,0.0131,0.188,0.0131,1.6554,0.027
isolated,18,1.1084,0.0669,0.8284,0.0128,0.2003,0.0124,0.7934,0.0226
isolated,19,2.1853,0.5147,1.4486,0.0144,0.2076,0.0132,1.4083,0.0271
isolated,20,1.962,0.057,1.7023,0.0133,0.1894,0.0124,1.6667,0.0232
isolated,21,1.8744,0.0509,1.5982,0.0127,0.2126,0.0124,1.5626,0.0232
isolated,22,1.1332,0.097,0.8496,0.0163,0.1703,0.0157,0.8041,0.0298
isolated,23,2.0439,0.0825,1.7696,0.012,0.1798,0.0128,1.729,0.0278
isolated,24,1.5129,0.0719,1.0234,0.0162,0.4014,0.0131,0.9836,0.0267
isolated,25,1.3424,0.0696,1.0712,0.0134,0.1882,0.0129,1.0354,0.0229
isolated,26,1.8463,0.0637,1.5884,0.0127,0.1815,0.0119,1.5537,0.0228
isolated,27,1.6803,0.0681,1.3973,0.0194,0.1955,0.0138,1.3542,0.0293
isolated,28,1.3485,0.1058,1.0597,0.0136,0.1694,0.0113,1.0246,0.0238
isolated,29,1.4406,0.07,1.1725,0.0141,0.184,0.0134,1.1343,0.0248
isolated,30,1.3496,0.0716,1.0574,0.011,0.2096,0.013,1.0222,0.0222
isolated,31,1.3624,0.0659,1.0647,0.016,0.2158,0.013,1.0271,0.0246
isolated,32,1.589,0.0773,1.2861,0.0152,0.2104,0.0119,1.2486,0.0256
isolated,33,1.2062,0.1018,0.951,0.01,0.1434,0.01,0.9216,0.0194
isolated,34,1.3976,0.0498,1.1189,0.016,0.2129,0.0091,1.085,0.0248
isolated,35,1.4227,0.0892,1.1148,0.0159,0.2028,0.0161,1.0674,0.0313
isolated,36,0.9233,0.0535,0.726,0.0087,0.1351,0.0108,0.699,0.0162
isolated,37,2.3971,0.0866,2.0556,0.0167,0.2382,0.0155,2.0122,0.0279
isolated,38,2.4621,0.0741,2.1535,0.0155,0.219,0.0152,2.1133,0.025
isolated,39,0.8754,0.0459,0.6947,0.0094,0.1254,0.0097,0.6696,0.0154
isolated,40,2.6082,0.0744,2.024,0.0142,0.4956,0.0128,1.9787,0.0325
isolated,41,2.1343,0.0746,1.8119,0.0197,0.2281,0.0134,1.7689,0.0296
isolated,42,1.9828,0.0549,1.6675,0.0143,0.2461,0.0124,1.6323,0.0228
isolated,43,1.508,0.0678,1.2205,0.0153,0.2044,0.0123,1.185,0.0232
isolated,44,1.5407,0.1881,1.1948,0.0116,0.1462,0.0109,1.1635,0.0204
isolated,45,1.3747,0.0693,1.0765,0.0132,0.2157,0.0134,1.0405,0.0226
isolated,46,1.3145,0.0683,1.0513,0.0126,0.1823,0.0137,1.0152,0.0224
isolated,47,1.6083,0.0826,1.2719,0.0143,0.2395,0.0157,1.2293,0.0269
isolated,48,2.1261,0.0805,1.6578,0.0183,0.3695,0.0126,1.6171,0.0281
isolated,49,3.9778,0.2459,3.4657,0.0151,0.2511,0.0136,3.4182,0.0339
isolated,50,4.2703,0.0589,3.627,0.0172,0.5672,0.0103,3.5869,0.0298
isolated,51,1.5405,0.0746,1.2301,0.0156,0.2202,0.0133,1.1912,0.0256
isolated,52,1.4503,0.067,1.1711,0.0155,0.1967,0.0135,1.1229,0.0347
isolated,53,1.2728,0.0635,0.9869,0.013,0.2094,0.0125,0.9517,0.0227
isolated,54,1.3688,0.0658,1.1083,0.0137,0.181,0.0131,1.0717,0.0235
isolated,55,0.8357,0.0564,0.638,0.0083,0.133,0.0102,0.6144,0.0134
isolated,56,1.0076,0.0553,0.7888,0.0102,0.1533,0.0108,0.761,0.017
isolated,57,1.075,0.0577,0.8103,0.0102,0.1968,0.0114,0.7816,0.0173
isolated,58,2.0358,0.0857,1.4467,0.0124,0.491,0.0135,1.4081,0.0251
isolated,59,1.1251,0.0597,0.8763,0.0107,0.1784,0.011,0.8476,0.0177
isolated,60,1.3161,0.0657,1.0347,0.0117,0.204,0.0131,0.9988,0.0228
isolated,61,1.1766,0.0627,0.8835,0.0142,0.2162,0.0121,0.8472,0.0242
isolated,62,4.1711,0.1737,3.7492,0.0155,0.2327,0.0112,3.7102,0.0278
isolated,63,0.9239,0.0609,0.7179,0.0093,0.1358,0.0115,0.689,0.0174
isolated,64,3.0337,0.0945,1.3133,0.0153,1.6106,0.0164,1.2612,0.0357
isolated,65,3.9783,0.0884,1.7018,0.0136,2.1745,0.0159,1.6588,0.0271
isolated,66,2.2868,1.249,0.8393,0.0114,0.1871,0.0131,0.8036,0.0226
isolated,67,3.7673,0.0646,3.4249,0.0165,0.2613,0.0107,3.3889,0.0253
isolated,68,2.0053,0.1484,1.6598,0.0126,0.1845,0.016,1.616,0.0278
isolated,69,2.028,0.0572,1.6944,0.0135,0.2629,0.0084,1.6644,0.0216
isolated,70,2.2964,0.4845,1.4837,0.0148,0.3134,0.0146,1.4395,0.0296
isolated,71,1.3766,0.0728,1.108,0.0142,0.1816,0.0127,1.0635,0.0318
isolated,72,2.4796,0.0827,2.1513,0.0151,0.2305,0.0142,2.107,0.0301
isolated,73,1.3342,0.069,1.0604,0.0126,0.1922,0.0111,1.0266,0.0227
isolated,74,1.1319,0.0529,0.9058,0.0122,0.161,0.0109,0.8735,0.0214
isolated,75,1.0446,0.0555,0.8105,0.0199,0.1587,0.0115,0.7756,0.0234
isolated,76,1.2736,0.063,1.0206,0.0138,0.1762,0.0116,0.9874,0.0216
isolated,77,2.5225,0.3051,1.918,0.0138,0.2856,0.0143,1.8769,0.0268
isolated,78,2.284,0.0694,1.1573,0.0183,1.039,0.0142,1.0006,0.1425
isolated,79,3.6315,0.0673,1.6612,0.0162,1.8868,0.0113,1.622,0.0279
isolated,80,1.138,0.0474,0.9004,0.0113,0.1789,0.0119,0.8678,0.0207
isolated,81,3.351,0.0633,2.9831,0.017,0.2876,0.0123,2.9421,0.0287
isolated,82,3.4462,0.0649,3.115,0.0169,0.2494,0.0112,3.0768,0.027
isolated,83,3.9914,0.0617,3.6838,0.0129,0.233,0.0094,3.6504,0.024
isolated,84,1.6411,0.0599,1.1986,0.016,0.3666,0.0102,1.164,0.0244
isolated,85,2.1929,0.0649,1.8073,0.0164,0.3043,0.0292,1.7459,0.0322
isolated,86,1.7558,0.0634,1.4192,0.0174,0.2558,0.0118,1.3734,0.034
isolated,87,2.2083,0.0814,1.8626,0.014,0.2503,0.0117,1.8257,0.0252
isolated,88,1.7966,0.0874,1.299,0.0143,0.3959,0.0148,1.2405,0.0437
isolated,89,1.3855,0.0725,1.0994,0.013,0.2006,0.013,1.062,0.0244
isolated,90,1.5098,0.075,1.2128,0.0177,0.2043,0.013,1.1726,0.0272
isolated,91,1.4057,0.0707,1.1258,0.0137,0.1955,0.015,1.0873,0.0235
isolated,92,2.6538,0.3068,1.9394,0.0169,0.3907,0.0154,1.8927,0.0313
isolated,93,2.1288,0.2314,1.1724,0.0155,0.7095,0.0131,1.1328,0.0265
isolated,94,1.2406,0.069,0.9766,0.0122,0.1828,0.0112,0.9356,0.0298
isolated,95,2.6696,0.2923,1.9698,0.0153,0.3922,0.0155,1.9173,0.037
isolated,96,2.0436,0.0597,1.7433,0.0144,0.2262,0.0113,1.7061,0.0259
isolated,97,2.0824,0.0689,1.7887,0.0149,0.2099,0.0121,1.7498,0.0268
isolated,98,1.9397,0.0798,1.3862,0.0169,0.4568,0.0134,1.3445,0.0283
isolated,99,1.2805,0.0659,0.8081,0.0116,0.3949,0.0119,0.7765,0.0197
isolated,100,1.9925,0.0755,1.7059,0.0141,0.197,0.0135,1.0371,0.6553
prefix,1,6.2904,0.3587,1.087,0.0127,4.832,0.0127,1.0517,0.0226
prefix,2,1.1541,0.0513,0.9251,0.0139,0.1638,0.0093,0.8908,0.025
prefix,3,1.8957,0.0606,1.5507,0.0139,0.2705,0.0122,1.5137,0.0248
prefix,4,1.0983,0.0615,0.8503,0.0105,0.176,0.011,0.8212,0.0181
prefix,5,0.8847,0.0481,0.6961,0.0088,0.1317,0.0092,0.6707,0.0162
prefix,6,1.0084,0.0675,0.7408,0.0105,0.1896,0.0115,0.7089,0.0204
prefix,7,1.3667,0.05,1.0695,0.0154,0.2318,0.0094,1.0347,0.0254
prefix,8,1.4948,0.0943,1.2441,0.0114,0.145,0.0153,1.2045,0.0243
prefix,9,1.309,0.0647,1.0594,0.016,0.1689,0.0119,1.0231,0.0244
prefix,10,1.1395,0.0679,0.8968,0.0109,0.1639,0.0128,0.8653,0.0187
prefix,11,1.6959,0.0777,1.4342,0.0118,0.1722,0.0133,1.3954,0.0255
prefix,12,4.4279,0.1191,1.8661,2.1386,0.3041,0.012,1.8263,0.0278
prefix,13,1.2901,0.0649,0.9836,0.0112,0.2304,0.0122,0.9498,0.0216
prefix,14,0.7757,0.0456,0.6039,0.0082,0.118,0.0096,0.5811,0.0132
prefix,15,0.9344,0.0513,0.7329,0.009,0.1412,0.0102,0.7059,0.0168
prefix,16,1.2919,0.0598,1.0393,0.0133,0.1795,0.0124,0.9917,0.0352
prefix,17,0.8967,0.0459,0.7122,0.0087,0.1299,0.0088,0.6877,0.0157
prefix,18,1.393,0.0633,1.1102,0.0151,0.2044,0.0131,1.072,0.0251
prefix,19,1.3504,0.0486,1.1524,0.0104,0.139,0.0095,1.1215,0.0214
prefix,20,1.593,0.0594,1.2526,0.0137,0.2673,0.0111,1.2164,0.0251
prefix,21,3.3014,0.4918,2.4438,0.0155,0.3503,0.0147,2.4002,0.0289
prefix,22,2.4826,0.0702,2.2492,0.0121,0.1511,0.0134,2.2137,0.0221
prefix,23,1.3359,0.0546,1.0253,0.022,0.234,0.0104,0.9917,0.0232
prefix,24,1.4929,0.0657,1.2291,0.0119,0.1862,0.0113,1.1963,0.0215
prefix,25,1.0207,0.0543,0.7978,0.0106,0.158,0.0103,0.7704,0.0171
prefix,26,1.0726,0.0606,0.8301,0.0104,0.1715,0.0123,0.8002,0.0176
prefix,27,1.7092,0.0679,1.3508,0.0156,0.2749,0.013,1.3056,0.0322
prefix,28,0.8325,0.0456,0.6531,0.0079,0.1259,0.0091,0.6293,0.0147
prefix,29,1.7785,0.0645,1.4165,0.0142,0.2833,0.0132,1.3782,0.0251
prefix,30,1.1836,0.0775,0.9528,0.0093,0.144,0.0134,0.9162,0.0232
prefix,31,0.8857,0.0521,0.687,0.009,0.1376,0.0098,0.6609,0.0163
prefix,32,0.9479,0.0508,0.7459,0.0098,0.1414,0.0104,0.7187,0.0168
prefix,33,1.0777,0.0613,0.8248,0.0103,0.1813,0.0128,0.7947,0.0173
prefix,34,2.2825,0.0724,1.9118,0.0141,0.2842,0.0129,1.8751,0.0238
prefix,35,0.928,0.0608,0.6944,0.0105,0.1623,0.0112,0.666,0.0172
prefix,36,0.8025,0.0491,0.6129,0.0074,0.1331,0.0106,0.5878,0.0145
prefix,37,1.8975,0.0691,1.0654,0.0117,0.7513,0.0119,1.0302,0.0233
prefix,38,2.4495,0.0592,2.1456,0.0142,0.2305,0.0116,2.1089,0.0251
prefix,39,1.1322,0.0643,0.8737,0.0116,0.1826,0.0121,0.8425,0.0191
prefix,40,1.3519,0.0649,1.0921,0.013,0.1819,0.0131,1.0575,0.0215
prefix,41,2.3546,0.0648,2.0908,0.0136,0.1854,0.0133,2.0532,0.0243
prefix,42,1.991,0.0649,1.2525,0.0149,0.6587,0.0128,1.2101,0.0296
prefix,43,1.7339,0.0725,1.3911,0.0146,0.2557,0.0125,1.3502,0.0284
prefix,44,1.0746,0.0632,0.8069,0.0097,0.1948,0.0123,0.7747,0.0199
prefix,45,3.6706,0.0954,3.3137,0.0133,0.2482,0.0137,3.2725,0.0275
prefix,46,1.8678,0.0674,1.5815,0.0144,0.2045,0.0132,1.5431,0.0252
prefix,47,1.1803,0.0629,0.9409,0.0105,0.166,0.0119,0.9087,0.0203
prefix,48,1.2323,0.0682,0.9397,0.0107,0.2137,0.0123,0.9074,0.02
prefix,49,1.7146,0.0555,1.4423,0.014,0.2028,0.0095,1.4107,0.0221
prefix,50,1.2237,0.0691,0.9313,0.0128,0.2105,0.0114,0.8972,0.0227
prefix,51,1.6071,0.0483,1.2741,0.0111,0.2736,0.0096,1.243,0.0215
prefix,52,1.3202,0.0706,1.1096,0.0099,0.1301,0.0135,1.0754,0.0207
prefix,53,1.4369,0.07,1.156,0.014,0.1969,0.0143,1.1164,0.0253
prefix,54,1.5666,0.2925,1.0833,0.0128,0.178,0.0108,1.0474,0.0251
prefix,55,1.8395,0.0681,1.5705,0.0127,0.1882,0.0128,1.5283,0.0294
prefix,56,1.3576,0.0657,1.0905,0.014,0.1874,0.012,1.0518,0.0267
prefix,57,0.8069,0.0499,0.61,0.0115,0.1355,0.01,0.5838,0.0162
prefix,58,1.0857,0.0652,0.8406,0.0101,0.1698,0.0116,0.8096,0.0194
prefix,59,1.5241,0.062,0.9887,0.0115,0.4619,0.0125,0.9547,0.0215
prefix,60,1.2234,0.0958,0.8922,0.013,0.2224,0.0123,0.8571,0.0228
prefix,61,1.028,0.064,0.776,0.0111,0.1769,0.0128,0.7408,0.0224
prefix,62,1.4035,0.0642,1.1192,0.0138,0.2063,0.0123,1.0838,0.0231
prefix,63,2.0141,0.0639,1.6896,0.0128,0.2478,0.013,1.6551,0.0215
prefix,64,1.2052,0.0639,0.9577,0.012,0.1716,0.0116,0.9233,0.0228
prefix,65,1.4473,0.0469,1.2225,0.0118,0.1661,0.0091,1.1922,0.0212
prefix,66,1.5434,0.1234,1.0205,0.0158,0.3837,0.0136,0.9749,0.032
prefix,67,3.5143,0.0665,3.1597,0.0164,0.2717,0.0128,3.1167,0.0302
prefix,68,1.167,0.0688,0.9125,0.0121,0.1736,0.0139,0.876,0.0226
prefix,69,1.2847,0.0677,1.0195,0.013,0.1845,0.0127,0.9835,0.0233
prefix,70,1.3229,0.0643,1.0572,0.0119,0.1895,0.0126,1.0222,0.0224
prefix,71,1.8258,0.1768,1.4763,0.0118,0.1609,0.0156,1.4371,0.0236
prefix,72,1.9598,0.0677,1.7265,0.0115,0.1541,0.0122,1.6892,0.0251
prefix,73,2.9911,0.0648,2.7642,0.0111,0.151,0.0124,2.7311,0.0207
prefix,74,1.2349,0.0502,0.9802,0.0131,0.1914,0.01,0.9493,0.0209
prefix,75,1.3645,0.0658,1.0976,0.0123,0.1888,0.011,1.0601,0.0265
prefix,76,1.0491,0.0511,0.8257,0.0189,0.1534,0.0098,0.7972,0.0187
prefix,77,2.2582,0.0557,1.6995,0.0145,0.4885,0.0109,1.6606,0.028
prefix,78,1.322,0.0615,1.079,0.0126,0.1689,0.0114,1.0461,0.0215
prefix,79,0.8979,0.0507,0.6806,0.0102,0.1564,0.0103,0.6537,0.0166
prefix,80,2.6507,0.0647,2.4244,0.0117,0.1499,0.0142,2.3874,0.0228
prefix,81,2.0913,0.0642,1.8035,0.0151,0.2085,0.0126,1.7664,0.0245
prefix,82,1.9822,0.1993,1.47,0.0158,0.2971,0.0153,1.4259,0.0288
prefix,83,1.3179,0.0649,0.9304,0.0102,0.3124,0.0124,0.8997,0.0183
prefix,84,1.5734,0.0552,1.3592,0.0109,0.1481,0.01,1.3274,0.0218
prefix,85,0.9278,0.0514,0.7143,0.0096,0.1525,0.0105,0.6879,0.0159
prefix,86,1.4186,0.0742,1.0955,0.0127,0.2362,0.0148,1.0543,0.0264
prefix,87,1.1674,0.066,0.9309,0.0104,0.1601,0.0113,0.9003,0.0193
prefix,88,1.8582,0.0825,1.5392,0.0141,0.2224,0.0132,1.4977,0.0283
prefix,89,1.9873,0.0584,1.7656,0.0115,0.1518,0.0101,1.7357,0.0198
prefix,90,1.7561,0.0479,0.8204,0.0099,0.8779,0.0088,0.7936,0.018
prefix,91,1.4562,0.0687,1.2344,0.0107,0.1424,0.0232,1.1899,0.0213
prefix,92,1.17,0.0517,0.9322,0.0114,0.1747,0.0103,0.9036,0.0183
prefix,93,0.9701,0.0731,0.7641,0.0083,0.1246,0.0135,0.7337,0.0169
prefix,94,1.999,0.0593,1.7063,0.014,0.2194,0.0124,1.6656,0.0283
prefix,95,2.7586,0.0834,2.5068,0.0122,0.1562,0.0147,2.4686,0.0235
prefix,96,1.6552,0.0997,1.3819,0.0117,0.1619,0.0563,1.3006,0.025
prefix,97,2.2719,0.0621,1.9749,0.0122,0.2227,0.0119,1.939,0.024
prefix,98,1.0502,0.0637,0.8172,0.0101,0.1592,0.012,0.787,0.0182
prefix,99,1.9096,0.1609,1.5432,0.0132,0.1923,0.0125,1.5056,0.0251
prefix,100,1.6601,0.0776,1.3735,0.0132,0.1958,0.0161,1.3309,0.0265

