kind	path	sha256
preimage	static/ergopti_plus/windows/ErgoptiPlus.ahk	c87e3c3963040c065a17b2d8e8c0ce88bbdb6fc1d24b22c6cc5dac437bca6c79
preimage	static/ergopti_plus/windows/tests/run_all.ahk	2b4860279dfbaa20e395c01ec740a5b6507cddc6ead7389e3d05c7a221d2fa1f
preimage	static/ergopti_plus/_shared/modules/network/managed_network.json	26d77b6849bbb654be60544fe7df6a83d662047d9bc4fcf1d496be083e0aee4b
candidate	static/ergopti_plus/windows/ErgoptiPlus.ahk	3cad8b20b2c09536a85d04fa1daf66d43dd0ceac288c6056b11683096662c63f
candidate	static/ergopti_plus/windows/tests/run_all.ahk	71b7230bd29f3c2f99d14fd25431731773b73a30568aa172c4fa37e948439209
candidate	static/ergopti_plus/windows/modules/network/failure_host.ahk	552a54119031f3f5ff1a8fcab2c3bc08f85a76bda7268dcbc4f77761de4c737b
candidate	static/ergopti_plus/windows/ui/download_window/session.ahk	2476f4542527105a5dc8cf94d6b1af0ccc25eabfb2ef0635e43667b14531402c
candidate	static/ergopti_plus/windows/ui/download_window/init.ahk	4a9ee3f7b04bca03a7014d90c80c577d9a583ed2203dae83db8372c1aae757da
candidate	static/ergopti_plus/windows/tests/unit/test_managed_network_windows_actions.ahk	bd3602ae676c0a5887fe2dd1937bab6901ea6d9112312a1c8d3f4f0a1bed21d6
candidate	static/ergopti_plus/_shared/modules/network/managed_network.json	8c2fe2abe3330ff2d6da0ab941d194351646f302b968286683b82ca39702b9ba
patch	windows-registration.patch	db944fc38a453b88ad15b41f7478c48e4db14a0b7d029de5b95096cdf885b841
patch	windows-failure-callers.patch	da6de673be2c8bdc497c58cb5436c5cb3c3f9edf826de9b1c03039a53f031b91
patch	presentation-timeout-policy.patch	622a2540f02afb89680b330f6072b836ad4570e14c5bdab751fe07fd9256f9e1
causal-preimages	static/ergopti_plus/windows/modules/network/failure_host.ahk	4e65f9040ff8453d5a089b1b8780ddaadcc240fad6bcaa929aeabfeecd1ee560
causal-preimages	static/ergopti_plus/windows/ui/download_window/session.ahk	06c8b1cda64d4ecb0784c4c28798581beb4a294193d950a5871fcdfba8b6a4eb
causal-preimages	static/ergopti_plus/windows/ui/download_window/init.ahk	d4b47b7ed686899221e1efc83652790b038bf033dac499b3aaada51d15bdc178
causal-preimages	static/ergopti_plus/windows/tests/unit/test_managed_network_windows_actions.ahk	3230112ac3d199d388bbcd7b295757f6b7486c3b9c67e69b8fc50ce4b40dfb0b
reviewed-timeout-preimages	static/ergopti_plus/windows/modules/network/failure_host.ahk	b3a0d765a777f204165208a19c4c415139652ddc4f7d96585d5ea9254fe5b305
reviewed-timeout-preimages	static/ergopti_plus/windows/ui/download_window/session.ahk	06c8b1cda64d4ecb0784c4c28798581beb4a294193d950a5871fcdfba8b6a4eb
reviewed-timeout-preimages	static/ergopti_plus/windows/ui/download_window/init.ahk	d31522590353f39a591734ea7c2a87abb5e277947e92827b55eb032668b3d787
reviewed-timeout-preimages	static/ergopti_plus/windows/tests/unit/test_managed_network_windows_actions.ahk	4765da5b9629c099f0e72446138fd775d3dd352379c90da66e2c3430563f7739
