variant,run,workload,sample,ms
measure,1,border,1,1.1228
measure,1,border,2,0.75690000000000002
measure,1,border,3,0.62549999999999994
measure,1,border,4,0.59299999999999997
measure,1,border,5,0.50170000000000003
measure,1,border,6,0.50490000000000002
measure,1,border,7,0.53580000000000005
measure,1,border,8,0.60370000000000001
measure,1,border,9,0.55279999999999996
measure,1,border,10,0.47970000000000002
measure,1,border,11,0.4904
measure,1,border,12,0.55230000000000001
measure,1,border,13,0.57909999999999995
measure,1,border,14,0.61140000000000005
measure,1,border,15,0.52180000000000004
measure,1,border,16,0.87270000000000003
measure,1,border,17,0.62419999999999998
measure,1,border,18,0.5968
measure,1,border,19,0.39679999999999999
measure,1,border,20,0.34000000000000002
measure,1,border,21,0.35449999999999998
measure,1,border,22,0.33389999999999997
measure,1,border,23,0.33489999999999998
measure,1,border,24,0.3785
measure,1,border,25,0.33529999999999999
measure,1,border,26,0.34839999999999999
measure,1,border,27,0.36859999999999998
measure,1,border,28,0.53159999999999996
measure,1,border,29,0.45150000000000001
measure,1,border,30,0.36720000000000003
measure,1,border,31,0.38090000000000002
measure,1,border,32,0.88280000000000003
measure,1,border,33,0.5948
measure,1,border,34,0.73470000000000002
measure,1,border,35,1.1957
measure,1,border,36,0.83089999999999997
measure,1,border,37,0.48880000000000001
measure,1,border,38,0.40100000000000002
measure,1,border,39,0.38250000000000001
measure,1,border,40,0.33350000000000002
measure,1,border,41,0.3538
measure,1,border,42,0.34660000000000002
measure,1,border,43,0.34860000000000002
measure,1,border,44,0.32240000000000002
measure,1,border,45,0.73580000000000001
measure,1,border,46,0.58189999999999997
measure,1,border,47,0.4582
measure,1,border,48,0.40539999999999998
measure,1,border,49,0.39779999999999999
measure,1,border,50,0.45950000000000002
measure,1,border,51,0.56479999999999997
measure,1,border,52,0.57230000000000003
measure,1,border,53,0.42620000000000002
measure,1,border,54,0.34610000000000002
measure,1,border,55,0.40649999999999997
measure,1,border,56,0.4138
measure,1,border,57,0.5726
measure,1,border,58,0.90190000000000003
measure,1,border,59,0.60089999999999999
measure,1,border,60,0.437
measure,1,border,61,0.35959999999999998
measure,1,border,62,0.33879999999999999
measure,1,border,63,0.34420000000000001
measure,1,border,64,0.41959999999999997
measure,1,border,65,0.48159999999999997
measure,1,border,66,0.54259999999999997
measure,1,border,67,0.54390000000000005
measure,1,border,68,0.52470000000000006
measure,1,border,69,0.50009999999999999
measure,1,border,70,0.42999999999999999
measure,1,border,71,0.43319999999999997
measure,1,border,72,0.42159999999999997
measure,1,border,73,0.43769999999999998
measure,1,border,74,0.47920000000000001
measure,1,border,75,0.68259999999999998
measure,1,border,76,0.70720000000000005
measure,1,border,77,0.64000000000000001
measure,1,border,78,0.51429999999999998
measure,1,border,79,0.45019999999999999
measure,1,border,80,0.4294
measure,1,border,81,0.44390000000000002
measure,1,border,82,0.41389999999999999
measure,1,border,83,0.34989999999999999
measure,1,border,84,0.40660000000000002
measure,1,border,85,0.44750000000000001
measure,1,border,86,0.57340000000000002
measure,1,border,87,1.2859
measure,1,border,88,0.65569999999999995
measure,1,border,89,0.78959999999999997
measure,1,border,90,0.96579999999999999
measure,1,border,91,0.85619999999999996
measure,1,border,92,1.0404
measure,1,border,93,0.47010000000000002
measure,1,border,94,0.38829999999999998
measure,1,border,95,0.36249999999999999
measure,1,border,96,0.59719999999999995
measure,1,border,97,0.59899999999999998
measure,1,border,98,0.58560000000000001
measure,1,border,99,0.75409999999999999
measure,1,border,100,0.60550000000000004
measure,1,preparation,1,5.2817999999999996
measure,1,preparation,2,1.1240000000000001
measure,1,preparation,3,1.1504000000000001
measure,1,preparation,4,1.9742999999999999
measure,1,preparation,5,2.246
measure,1,preparation,6,2.0722
measure,1,preparation,7,1.2483
measure,1,preparation,8,2.6758999999999999
measure,1,preparation,9,1.5079
measure,1,preparation,10,1.7401
measure,1,preparation,11,1.4018999999999999
measure,1,preparation,12,0.93489999999999995
measure,1,preparation,13,1.1533
measure,1,preparation,14,2.7595999999999998
measure,1,preparation,15,1.8265
measure,1,preparation,16,2.2414000000000001
measure,1,preparation,17,1.5883
measure,1,preparation,18,1.3393999999999999
measure,1,preparation,19,1.3913
measure,1,preparation,20,1.9157999999999999
measure,1,preparation,21,1.4225000000000001
measure,1,preparation,22,1.4751000000000001
measure,1,preparation,23,3.8268
measure,1,preparation,24,2.0467
measure,1,preparation,25,1.3861000000000001
measure,1,preparation,26,1.2062999999999999
measure,1,preparation,27,1.0489999999999999
measure,1,preparation,28,1.2487999999999999
measure,1,preparation,29,1.0265
measure,1,preparation,30,1.9713000000000001
measure,1,preparation,31,3.5091000000000001
measure,1,preparation,32,2.1856
measure,1,preparation,33,3.1356000000000002
measure,1,preparation,34,1.4346000000000001
measure,1,preparation,35,2.6880999999999999
measure,1,preparation,36,4.5506000000000002
measure,1,preparation,37,1.8110999999999999
measure,1,preparation,38,2.0749
measure,1,preparation,39,1.7394000000000001
measure,1,preparation,40,3.2538999999999998
measure,1,preparation,41,1.1591
measure,1,preparation,42,0.99639999999999995
measure,1,preparation,43,3.8287
measure,1,preparation,44,1.3376999999999999
measure,1,preparation,45,1.5182
measure,1,preparation,46,1.2000999999999999
measure,1,preparation,47,1.6700999999999999
measure,1,preparation,48,1.5551999999999999
measure,1,preparation,49,1.8732
measure,1,preparation,50,1.5445
measure,1,preparation,51,1.4298
measure,1,preparation,52,1.4534
measure,1,preparation,53,1.7345999999999999
measure,1,preparation,54,1.3698999999999999
measure,1,preparation,55,6.9935999999999998
measure,1,preparation,56,6.8912000000000004
measure,1,preparation,57,30.226400000000002
measure,1,preparation,58,14.511699999999999
measure,1,preparation,59,27.2926
measure,1,preparation,60,7.1494
measure,1,preparation,61,6.6688000000000001
measure,1,preparation,62,2.2078000000000002
measure,1,preparation,63,1.4318
measure,1,preparation,64,2.7917999999999998
measure,1,preparation,65,2.8715999999999999
measure,1,preparation,66,1.1597
measure,1,preparation,67,1.3055000000000001
measure,1,preparation,68,1.4390000000000001
measure,1,preparation,69,1.4356
measure,1,preparation,70,2.5417999999999998
measure,1,preparation,71,1.2434000000000001
measure,1,preparation,72,2.5848
measure,1,preparation,73,2.819
measure,1,preparation,74,1.2232000000000001
measure,1,preparation,75,0.9607
measure,1,preparation,76,1.4296
measure,1,preparation,77,2.5623
measure,1,preparation,78,1.5973999999999999
measure,1,preparation,79,2.1501000000000001
measure,1,preparation,80,1.601
measure,1,preparation,81,1.7585999999999999
measure,1,preparation,82,2.6151
measure,1,preparation,83,2.9335
measure,1,preparation,84,2.1177999999999999
measure,1,preparation,85,1.6201000000000001
measure,1,preparation,86,1.4052
measure,1,preparation,87,1.4248000000000001
measure,1,preparation,88,2.0415999999999999
measure,1,preparation,89,1.9081999999999999
measure,1,preparation,90,1.3724000000000001
measure,1,preparation,91,1.2877000000000001
measure,1,preparation,92,1.3232999999999999
measure,1,preparation,93,1.8772
measure,1,preparation,94,1.4818
measure,1,preparation,95,1.5357000000000001
measure,1,preparation,96,3.5737000000000001
measure,1,preparation,97,1.1157999999999999
measure,1,preparation,98,1.1987000000000001
measure,1,preparation,99,1.5907
measure,1,preparation,100,4.1158999999999999
measure,2,border,1,1.3557999999999999
measure,2,border,2,1.1395
measure,2,border,3,1.1890000000000001
measure,2,border,4,1.6198999999999999
measure,2,border,5,1.0724
measure,2,border,6,1.3496999999999999
measure,2,border,7,1.1042000000000001
measure,2,border,8,0.82079999999999997
measure,2,border,9,0.80479999999999996
measure,2,border,10,0.95450000000000002
measure,2,border,11,1.1248
measure,2,border,12,0.7399
measure,2,border,13,0.73219999999999996
measure,2,border,14,1.7269000000000001
measure,2,border,15,0.84889999999999999
measure,2,border,16,0.80169999999999997
measure,2,border,17,0.67010000000000003
measure,2,border,18,1.077
measure,2,border,19,0.75719999999999998
measure,2,border,20,0.85289999999999999
measure,2,border,21,0.79190000000000005
measure,2,border,22,1.0057
measure,2,border,23,0.85840000000000005
measure,2,border,24,0.80420000000000003
measure,2,border,25,1.1301000000000001
measure,2,border,26,0.81730000000000003
measure,2,border,27,0.77380000000000004
measure,2,border,28,0.85619999999999996
measure,2,border,29,1.1469
measure,2,border,30,4.0166000000000004
measure,2,border,31,1.2676000000000001
measure,2,border,32,1.0484
measure,2,border,33,0.79500000000000004
measure,2,border,34,0.86970000000000003
measure,2,border,35,0.69650000000000001
measure,2,border,36,0.82140000000000002
measure,2,border,37,0.66910000000000003
measure,2,border,38,0.74760000000000004
measure,2,border,39,0.7288
measure,2,border,40,0.89329999999999998
measure,2,border,41,0.79479999999999995
measure,2,border,42,1.1598999999999999
measure,2,border,43,0.61770000000000003
measure,2,border,44,0.54979999999999996
measure,2,border,45,0.90149999999999997
measure,2,border,46,0.81269999999999998
measure,2,border,47,0.79879999999999995
measure,2,border,48,0.81479999999999997
measure,2,border,49,0.73360000000000003
measure,2,border,50,0.77729999999999999
measure,2,border,51,0.75370000000000004
measure,2,border,52,0.79500000000000004
measure,2,border,53,0.99750000000000005
measure,2,border,54,0.54330000000000001
measure,2,border,55,0.43619999999999998
measure,2,border,56,0.5746
measure,2,border,57,0.58750000000000002
measure,2,border,58,0.57630000000000003
measure,2,border,59,0.57999999999999996
measure,2,border,60,0.4138
measure,2,border,61,0.57269999999999999
measure,2,border,62,0.5615
measure,2,border,63,1.1316999999999999
measure,2,border,64,0.79779999999999995
measure,2,border,65,0.82630000000000003
measure,2,border,66,1.1951000000000001
measure,2,border,67,1.2584
measure,2,border,68,5.0907999999999998
measure,2,border,69,0.66300000000000003
measure,2,border,70,0.4889
measure,2,border,71,0.4042
measure,2,border,72,0.64419999999999999
measure,2,border,73,0.93100000000000005
measure,2,border,74,1.7515000000000001
measure,2,border,75,1.1367
measure,2,border,76,0.96409999999999996
measure,2,border,77,0.5927
measure,2,border,78,3.3382000000000001
measure,2,border,79,1.0016
measure,2,border,80,1.3143
measure,2,border,81,1.2343
measure,2,border,82,0.91439999999999999
measure,2,border,83,0.98140000000000005
measure,2,border,84,0.86929999999999996
measure,2,border,85,0.54290000000000005
measure,2,border,86,0.39539999999999997
measure,2,border,87,0.40810000000000002
measure,2,border,88,0.48899999999999999
measure,2,border,89,0.51480000000000004
measure,2,border,90,0.59260000000000002
measure,2,border,91,0.65510000000000002
measure,2,border,92,0.64610000000000001
measure,2,border,93,0.78539999999999999
measure,2,border,94,0.75490000000000002
measure,2,border,95,0.61150000000000004
measure,2,border,96,0.53820000000000001
measure,2,border,97,0.504
measure,2,border,98,0.45429999999999998
measure,2,border,99,0.56899999999999995
measure,2,border,100,0.98089999999999999
measure,2,preparation,1,6.1013000000000002
measure,2,preparation,2,2.5167999999999999
measure,2,preparation,3,1.9298999999999999
measure,2,preparation,4,1.2746999999999999
measure,2,preparation,5,2.0047000000000001
measure,2,preparation,6,1.8967000000000001
measure,2,preparation,7,1.5246999999999999
measure,2,preparation,8,1.1474
measure,2,preparation,9,1.5334000000000001
measure,2,preparation,10,1.1694
measure,2,preparation,11,1.077
measure,2,preparation,12,1.3605
measure,2,preparation,13,1.0403
measure,2,preparation,14,2.7814999999999999
measure,2,preparation,15,1.3513999999999999
measure,2,preparation,16,3.4807999999999999
measure,2,preparation,17,0.97230000000000005
measure,2,preparation,18,2.9870000000000001
measure,2,preparation,19,2.0503
measure,2,preparation,20,1.3169
measure,2,preparation,21,1.782
measure,2,preparation,22,1.7021999999999999
measure,2,preparation,23,1.4287000000000001
measure,2,preparation,24,1.1701999999999999
measure,2,preparation,25,3.1684999999999999
measure,2,preparation,26,2.5623999999999998
measure,2,preparation,27,1.0724
measure,2,preparation,28,1.6716
measure,2,preparation,29,1.357
measure,2,preparation,30,1.2863
measure,2,preparation,31,2.3506
measure,2,preparation,32,1.4496
measure,2,preparation,33,1.6060000000000001
measure,2,preparation,34,1.1653
measure,2,preparation,35,1.3355999999999999
measure,2,preparation,36,2.5996999999999999
measure,2,preparation,37,1.3332999999999999
measure,2,preparation,38,2.351
measure,2,preparation,39,5.8437000000000001
measure,2,preparation,40,1.7854000000000001
measure,2,preparation,41,1.4117
measure,2,preparation,42,1.0367
measure,2,preparation,43,1.8295999999999999
measure,2,preparation,44,1.4473
measure,2,preparation,45,1.3841000000000001
measure,2,preparation,46,1.0588
measure,2,preparation,47,1.4187000000000001
measure,2,preparation,48,1.2073
measure,2,preparation,49,3.3950999999999998
measure,2,preparation,50,1.1851
measure,2,preparation,51,1.3940999999999999
measure,2,preparation,52,1.2762
measure,2,preparation,53,2.4632000000000001
measure,2,preparation,54,9.1212999999999997
measure,2,preparation,55,50.717799999999997
measure,2,preparation,56,20.907699999999998
measure,2,preparation,57,39.990099999999998
measure,2,preparation,58,11.010899999999999
measure,2,preparation,59,11.5192
measure,2,preparation,60,6.4042000000000003
measure,2,preparation,61,7.7969999999999997
measure,2,preparation,62,16.557099999999998
measure,2,preparation,63,36.491599999999998
measure,2,preparation,64,16.516200000000001
measure,2,preparation,65,68.481899999999996
measure,2,preparation,66,15.011200000000001
measure,2,preparation,67,24.780200000000001
measure,2,preparation,68,22.4801
measure,2,preparation,69,8.4420000000000002
measure,2,preparation,70,16.5609
measure,2,preparation,71,10.805899999999999
measure,2,preparation,72,7.8648999999999996
measure,2,preparation,73,38.725000000000001
measure,2,preparation,74,40.260100000000001
measure,2,preparation,75,16.563500000000001
measure,2,preparation,76,7.5800000000000001
measure,2,preparation,77,17.666899999999998
measure,2,preparation,78,51.676400000000001
measure,2,preparation,79,50.394100000000002
measure,2,preparation,80,30.545100000000001
measure,2,preparation,81,6.4008000000000003
measure,2,preparation,82,8.6129999999999995
measure,2,preparation,83,51.908700000000003
measure,2,preparation,84,6.4599000000000002
measure,2,preparation,85,8.3447999999999993
measure,2,preparation,86,23.052099999999999
measure,2,preparation,87,52.366799999999998
measure,2,preparation,88,8.5751000000000008
measure,2,preparation,89,7.1565000000000003
measure,2,preparation,90,7.2098000000000004
measure,2,preparation,91,11.2362
measure,2,preparation,92,17.0532
measure,2,preparation,93,8.5839999999999996
measure,2,preparation,94,44.819400000000002
measure,2,preparation,95,19.3933
measure,2,preparation,96,11.621
measure,2,preparation,97,24.010300000000001
measure,2,preparation,98,12.7662
measure,2,preparation,99,13.096500000000001
measure,2,preparation,100,7.9713000000000003
measure,3,border,1,0.66269999999999996
measure,3,border,2,0.66510000000000002
measure,3,border,3,0.63170000000000004
measure,3,border,4,0.71309999999999996
measure,3,border,5,0.623
measure,3,border,6,0.42759999999999998
measure,3,border,7,0.96250000000000002
measure,3,border,8,0.82299999999999995
measure,3,border,9,0.60270000000000001
measure,3,border,10,0.48849999999999999
measure,3,border,11,0.38500000000000001
measure,3,border,12,0.44230000000000003
measure,3,border,13,0.47510000000000002
measure,3,border,14,0.46829999999999999
measure,3,border,15,0.47989999999999999
measure,3,border,16,0.47670000000000001
measure,3,border,17,0.32790000000000002
measure,3,border,18,0.53000000000000003
measure,3,border,19,0.5222
measure,3,border,20,0.42799999999999999
measure,3,border,21,0.43230000000000002
measure,3,border,22,0.33019999999999999
measure,3,border,23,0.26600000000000001
measure,3,border,24,0.24410000000000001
measure,3,border,25,0.248
measure,3,border,26,0.24859999999999999
measure,3,border,27,0.25629999999999997
measure,3,border,28,0.24679999999999999
measure,3,border,29,0.2384
measure,3,border,30,0.35299999999999998
measure,3,border,31,0.37359999999999999
measure,3,border,32,0.49469999999999997
measure,3,border,33,0.62219999999999998
measure,3,border,34,0.51470000000000005
measure,3,border,35,0.37319999999999998
measure,3,border,36,0.37680000000000002
measure,3,border,37,1.1616
measure,3,border,38,2.0558000000000001
measure,3,border,39,0.87339999999999995
measure,3,border,40,0.70030000000000003
measure,3,border,41,1.0714999999999999
measure,3,border,42,0.58889999999999998
measure,3,border,43,0.45850000000000002
measure,3,border,44,0.59019999999999995
measure,3,border,45,0.4536
measure,3,border,46,0.33900000000000002
measure,3,border,47,0.56999999999999995
measure,3,border,48,0.4375
measure,3,border,49,0.32640000000000002
measure,3,border,50,0.63100000000000001
measure,3,border,51,0.84950000000000003
measure,3,border,52,0.54659999999999997
measure,3,border,53,0.51680000000000004
measure,3,border,54,0.51670000000000005
measure,3,border,55,0.43569999999999998
measure,3,border,56,0.73109999999999997
measure,3,border,57,0.70309999999999995
measure,3,border,58,0.57799999999999996
measure,3,border,59,0.56059999999999999
measure,3,border,60,0.41749999999999998
measure,3,border,61,0.46250000000000002
measure,3,border,62,0.42309999999999998
measure,3,border,63,0.55910000000000004
measure,3,border,64,0.56810000000000005
measure,3,border,65,0.53849999999999998
measure,3,border,66,0.49890000000000001
measure,3,border,67,0.48430000000000001
measure,3,border,68,0.41820000000000002
measure,3,border,69,0.49349999999999999
measure,3,border,70,0.48180000000000001
measure,3,border,71,0.39019999999999999
measure,3,border,72,0.36649999999999999
measure,3,border,73,0.61819999999999997
measure,3,border,74,0.51249999999999996
measure,3,border,75,0.3236
measure,3,border,76,0.28310000000000002
measure,3,border,77,0.31190000000000001
measure,3,border,78,0.28139999999999998
measure,3,border,79,0.26729999999999998
measure,3,border,80,0.27050000000000002
measure,3,border,81,0.28000000000000003
measure,3,border,82,0.2792
measure,3,border,83,0.2661
measure,3,border,84,0.31609999999999999
measure,3,border,85,0.2868
measure,3,border,86,0.27639999999999998
measure,3,border,87,0.37040000000000001
measure,3,border,88,0.46210000000000001
measure,3,border,89,0.65010000000000001
measure,3,border,90,0.62239999999999995
measure,3,border,91,0.61280000000000001
measure,3,border,92,0.6946
measure,3,border,93,0.86160000000000003
measure,3,border,94,0.75849999999999995
measure,3,border,95,0.68779999999999997
measure,3,border,96,0.83889999999999998
measure,3,border,97,1.2059
measure,3,border,98,0.81089999999999995
measure,3,border,99,0.68079999999999996
measure,3,border,100,0.7268
measure,3,preparation,1,48.432299999999998
measure,3,preparation,2,8.2110000000000003
measure,3,preparation,3,6.4493
measure,3,preparation,4,33.2637
measure,3,preparation,5,25.9239
measure,3,preparation,6,6.3817000000000004
measure,3,preparation,7,10.6402
measure,3,preparation,8,5.6863000000000001
measure,3,preparation,9,31.725899999999999
measure,3,preparation,10,5.5350999999999999
measure,3,preparation,11,5.1872999999999996
measure,3,preparation,12,23.6235
measure,3,preparation,13,44.316200000000002
measure,3,preparation,14,8.1966000000000001
measure,3,preparation,15,9.1044999999999998
measure,3,preparation,16,4.9615999999999998
measure,3,preparation,17,8.8640000000000008
measure,3,preparation,18,1.6027
measure,3,preparation,19,3.2307999999999999
measure,3,preparation,20,1.4430000000000001
measure,3,preparation,21,1.6333
measure,3,preparation,22,1.5158
measure,3,preparation,23,1.643
measure,3,preparation,24,2.5503999999999998
measure,3,preparation,25,2.1789999999999998
measure,3,preparation,26,0.87649999999999995
measure,3,preparation,27,1.2612000000000001
measure,3,preparation,28,0.9385
measure,3,preparation,29,1.1201000000000001
measure,3,preparation,30,0.89259999999999995
measure,3,preparation,31,1.1435999999999999
measure,3,preparation,32,1.0577000000000001
measure,3,preparation,33,1.5296000000000001
measure,3,preparation,34,2.2614999999999998
measure,3,preparation,35,1.4844999999999999
measure,3,preparation,36,0.95579999999999998
measure,3,preparation,37,1.3806
measure,3,preparation,38,0.62129999999999996
measure,3,preparation,39,0.879
measure,3,preparation,40,0.59319999999999995
measure,3,preparation,41,0.6754
measure,3,preparation,42,1.6489
measure,3,preparation,43,0.99239999999999995
measure,3,preparation,44,1.4770000000000001
measure,3,preparation,45,1.1865000000000001
measure,3,preparation,46,0.95709999999999995
measure,3,preparation,47,4.0460000000000003
measure,3,preparation,48,2.5598000000000001
measure,3,preparation,49,1.5690999999999999
measure,3,preparation,50,0.96819999999999995
measure,3,preparation,51,2.1551
measure,3,preparation,52,17.505299999999998
measure,3,preparation,53,8.5144000000000002
measure,3,preparation,54,1.956
measure,3,preparation,55,1.3886000000000001
measure,3,preparation,56,0.71560000000000001
measure,3,preparation,57,0.89190000000000003
measure,3,preparation,58,2.2793000000000001
measure,3,preparation,59,0.99919999999999998
measure,3,preparation,60,0.96450000000000002
measure,3,preparation,61,1.2917000000000001
measure,3,preparation,62,1.2081
measure,3,preparation,63,2.1652999999999998
measure,3,preparation,64,1.8196000000000001
measure,3,preparation,65,0.9244
measure,3,preparation,66,0.87480000000000002
measure,3,preparation,67,0.82269999999999999
measure,3,preparation,68,0.85529999999999995
measure,3,preparation,69,0.90990000000000004
measure,3,preparation,70,0.96709999999999996
measure,3,preparation,71,1.1878
measure,3,preparation,72,1.5265
measure,3,preparation,73,0.80649999999999999
measure,3,preparation,74,1.1114999999999999
measure,3,preparation,75,1.1751
measure,3,preparation,76,1.8036000000000001
measure,3,preparation,77,1.0953999999999999
measure,3,preparation,78,2.9546000000000001
measure,3,preparation,79,0.80449999999999999
measure,3,preparation,80,1.1600999999999999
measure,3,preparation,81,1.5284
measure,3,preparation,82,1.0238
measure,3,preparation,83,2.2646999999999999
measure,3,preparation,84,1.3785000000000001
measure,3,preparation,85,1.3392999999999999
measure,3,preparation,86,0.86060000000000003
measure,3,preparation,87,0.98470000000000002
measure,3,preparation,88,1.0152000000000001
measure,3,preparation,89,1.0807
measure,3,preparation,90,2.3527999999999998
measure,3,preparation,91,1.3363
measure,3,preparation,92,0.87990000000000002
measure,3,preparation,93,1.0085
measure,3,preparation,94,1.0156000000000001
measure,3,preparation,95,1.8037000000000001
measure,3,preparation,96,1.1024
measure,3,preparation,97,10.4908
measure,3,preparation,98,48.554099999999998
measure,3,preparation,99,150.13140000000001
measure,3,preparation,100,16.592099999999999
hidden-fixed,1,border,1,0.75249999999999995
hidden-fixed,1,border,2,0.62029999999999996
hidden-fixed,1,border,3,0.78790000000000004
hidden-fixed,1,border,4,1.1512
hidden-fixed,1,border,5,0.93230000000000002
hidden-fixed,1,border,6,0.93689999999999996
hidden-fixed,1,border,7,1.6718999999999999
hidden-fixed,1,border,8,1.0801000000000001
hidden-fixed,1,border,9,0.97130000000000005
hidden-fixed,1,border,10,1.0301
hidden-fixed,1,border,11,1.0839000000000001
hidden-fixed,1,border,12,1.488
hidden-fixed,1,border,13,1.2121
hidden-fixed,1,border,14,1.2281
hidden-fixed,1,border,15,1.9408000000000001
hidden-fixed,1,border,16,1.5303
hidden-fixed,1,border,17,0.9577
hidden-fixed,1,border,18,1.1141000000000001
hidden-fixed,1,border,19,1.1887000000000001
hidden-fixed,1,border,20,1.2082999999999999
hidden-fixed,1,border,21,0.97030000000000005
hidden-fixed,1,border,22,1.2981
hidden-fixed,1,border,23,1.4444999999999999
hidden-fixed,1,border,24,1.0697000000000001
hidden-fixed,1,border,25,1.1331
hidden-fixed,1,border,26,0.81859999999999999
hidden-fixed,1,border,27,0.92859999999999998
hidden-fixed,1,border,28,0.81950000000000001
hidden-fixed,1,border,29,0.78549999999999998
hidden-fixed,1,border,30,0.65339999999999998
hidden-fixed,1,border,31,0.78190000000000004
hidden-fixed,1,border,32,0.86019999999999996
hidden-fixed,1,border,33,0.94679999999999997
hidden-fixed,1,border,34,1.0825
hidden-fixed,1,border,35,1.0573999999999999
hidden-fixed,1,border,36,1.0533999999999999
hidden-fixed,1,border,37,0.90949999999999998
hidden-fixed,1,border,38,0.83099999999999996
hidden-fixed,1,border,39,2.1432000000000002
hidden-fixed,1,border,40,1.9801
hidden-fixed,1,border,41,2.1722000000000001
hidden-fixed,1,border,42,1.6633
hidden-fixed,1,border,43,1.3396999999999999
hidden-fixed,1,border,44,1.2806
hidden-fixed,1,border,45,1.0629
hidden-fixed,1,border,46,0.99170000000000003
hidden-fixed,1,border,47,1.1189
hidden-fixed,1,border,48,1.4882
hidden-fixed,1,border,49,1.7318
hidden-fixed,1,border,50,1.2295
hidden-fixed,1,border,51,0.96379999999999999
hidden-fixed,1,border,52,0.92300000000000004
hidden-fixed,1,border,53,0.9617
hidden-fixed,1,border,54,0.84230000000000005
hidden-fixed,1,border,55,0.76249999999999996
hidden-fixed,1,border,56,0.85809999999999997
hidden-fixed,1,border,57,0.76949999999999996
hidden-fixed,1,border,58,0.91059999999999997
hidden-fixed,1,border,59,1.1538999999999999
hidden-fixed,1,border,60,1.0458000000000001
hidden-fixed,1,border,61,1.0537000000000001
hidden-fixed,1,border,62,1.1609
hidden-fixed,1,border,63,2.2612000000000001
hidden-fixed,1,border,64,1.7867
hidden-fixed,1,border,65,1.2118
hidden-fixed,1,border,66,2.4866000000000001
hidden-fixed,1,border,67,1.2434000000000001
hidden-fixed,1,border,68,1.0862000000000001
hidden-fixed,1,border,69,1.2779
hidden-fixed,1,border,70,1.0645
hidden-fixed,1,border,71,1.0299
hidden-fixed,1,border,72,1.0778000000000001
hidden-fixed,1,border,73,2.4940000000000002
hidden-fixed,1,border,74,0.99180000000000001
hidden-fixed,1,border,75,0.86119999999999997
hidden-fixed,1,border,76,0.78059999999999996
hidden-fixed,1,border,77,0.77329999999999999
hidden-fixed,1,border,78,0.84319999999999995
hidden-fixed,1,border,79,1.0376000000000001
hidden-fixed,1,border,80,1.0286
hidden-fixed,1,border,81,0.91220000000000001
hidden-fixed,1,border,82,1.2579
hidden-fixed,1,border,83,1.0490999999999999
hidden-fixed,1,border,84,0.92000000000000004
hidden-fixed,1,border,85,1.0505
hidden-fixed,1,border,86,0.80169999999999997
hidden-fixed,1,border,87,1.4629000000000001
hidden-fixed,1,border,88,1.1405000000000001
hidden-fixed,1,border,89,1.0311999999999999
hidden-fixed,1,border,90,1.9418
hidden-fixed,1,border,91,1.7244999999999999
hidden-fixed,1,border,92,1.1104000000000001
hidden-fixed,1,border,93,1.0074000000000001
hidden-fixed,1,border,94,1.292
hidden-fixed,1,border,95,1.2059
hidden-fixed,1,border,96,0.85580000000000001
hidden-fixed,1,border,97,1.0511999999999999
hidden-fixed,1,border,98,1.0398000000000001
hidden-fixed,1,border,99,1.3821000000000001
hidden-fixed,1,border,100,0.96140000000000003
hidden-fixed,1,preparation,1,5.1342999999999996
hidden-fixed,1,preparation,2,1.8959999999999999
hidden-fixed,1,preparation,3,1.0505
hidden-fixed,1,preparation,4,1.9537
hidden-fixed,1,preparation,5,1.7858000000000001
hidden-fixed,1,preparation,6,1.4694
hidden-fixed,1,preparation,7,2.5672000000000001
hidden-fixed,1,preparation,8,3.2523
hidden-fixed,1,preparation,9,0.82089999999999996
hidden-fixed,1,preparation,10,1.0068999999999999
hidden-fixed,1,preparation,11,0.81579999999999997
hidden-fixed,1,preparation,12,1.0310999999999999
hidden-fixed,1,preparation,13,2.3170000000000002
hidden-fixed,1,preparation,14,1.1616
hidden-fixed,1,preparation,15,0.77610000000000001
hidden-fixed,1,preparation,16,1.8522000000000001
hidden-fixed,1,preparation,17,1.1335
hidden-fixed,1,preparation,18,1.2795000000000001
hidden-fixed,1,preparation,19,1.2330000000000001
hidden-fixed,1,preparation,20,1.7511000000000001
hidden-fixed,1,preparation,21,1.4786999999999999
hidden-fixed,1,preparation,22,1.9856
hidden-fixed,1,preparation,23,1.4028
hidden-fixed,1,preparation,24,1.0484
hidden-fixed,1,preparation,25,1.1572
hidden-fixed,1,preparation,26,0.98340000000000005
hidden-fixed,1,preparation,27,2.7048999999999999
hidden-fixed,1,preparation,28,2.2673000000000001
hidden-fixed,1,preparation,29,1.4802999999999999
hidden-fixed,1,preparation,30,1.288
hidden-fixed,1,preparation,31,1.2387999999999999
hidden-fixed,1,preparation,32,0.98670000000000002
hidden-fixed,1,preparation,33,1.3561000000000001
hidden-fixed,1,preparation,34,1.0956999999999999
hidden-fixed,1,preparation,35,0.81679999999999997
hidden-fixed,1,preparation,36,1.3344
hidden-fixed,1,preparation,37,1.1064000000000001
hidden-fixed,1,preparation,38,1.5464
hidden-fixed,1,preparation,39,0.89659999999999995
hidden-fixed,1,preparation,40,0.87819999999999998
hidden-fixed,1,preparation,41,2.1617999999999999
hidden-fixed,1,preparation,42,1.4091
hidden-fixed,1,preparation,43,0.76019999999999999
hidden-fixed,1,preparation,44,1.2638
hidden-fixed,1,preparation,45,1.7235
hidden-fixed,1,preparation,46,0.84760000000000002
hidden-fixed,1,preparation,47,0.89739999999999998
hidden-fixed,1,preparation,48,1.2236
hidden-fixed,1,preparation,49,1.0079
hidden-fixed,1,preparation,50,1.1585000000000001
hidden-fixed,1,preparation,51,1.1642999999999999
hidden-fixed,1,preparation,52,0.88629999999999998
hidden-fixed,1,preparation,53,0.70499999999999996
hidden-fixed,1,preparation,54,1.0606
hidden-fixed,1,preparation,55,0.9667
hidden-fixed,1,preparation,56,1.0296000000000001
hidden-fixed,1,preparation,57,0.99319999999999997
hidden-fixed,1,preparation,58,0.87090000000000001
hidden-fixed,1,preparation,59,0.79620000000000002
hidden-fixed,1,preparation,60,1.1297999999999999
hidden-fixed,1,preparation,61,1.7654000000000001
hidden-fixed,1,preparation,62,0.58209999999999995
hidden-fixed,1,preparation,63,1.0307999999999999
hidden-fixed,1,preparation,64,0.753
hidden-fixed,1,preparation,65,0.74109999999999998
hidden-fixed,1,preparation,66,0.86499999999999999
hidden-fixed,1,preparation,67,0.96189999999999998
hidden-fixed,1,preparation,68,1.052
hidden-fixed,1,preparation,69,1.0224
hidden-fixed,1,preparation,70,2.0163000000000002
hidden-fixed,1,preparation,71,0.91839999999999999
hidden-fixed,1,preparation,72,0.70430000000000004
hidden-fixed,1,preparation,73,1.3503000000000001
hidden-fixed,1,preparation,74,0.80269999999999997
hidden-fixed,1,preparation,75,0.7571
hidden-fixed,1,preparation,76,1.1518999999999999
hidden-fixed,1,preparation,77,1.3604000000000001
hidden-fixed,1,preparation,78,1.0582
hidden-fixed,1,preparation,79,1.0755999999999999
hidden-fixed,1,preparation,80,1.1248
hidden-fixed,1,preparation,81,1.2484999999999999
hidden-fixed,1,preparation,82,1.9964
hidden-fixed,1,preparation,83,1.1341000000000001
hidden-fixed,1,preparation,84,1.0185
hidden-fixed,1,preparation,85,0.63780000000000003
hidden-fixed,1,preparation,86,0.93879999999999997
hidden-fixed,1,preparation,87,2.1842000000000001
hidden-fixed,1,preparation,88,0.95420000000000005
hidden-fixed,1,preparation,89,0.8145
hidden-fixed,1,preparation,90,2.0560999999999998
hidden-fixed,1,preparation,91,0.82199999999999995
hidden-fixed,1,preparation,92,0.87119999999999997
hidden-fixed,1,preparation,93,1.6194
hidden-fixed,1,preparation,94,0.77900000000000003
hidden-fixed,1,preparation,95,0.88770000000000004
hidden-fixed,1,preparation,96,1.9046000000000001
hidden-fixed,1,preparation,97,0.81010000000000004
hidden-fixed,1,preparation,98,1.0229999999999999
hidden-fixed,1,preparation,99,1.0438000000000001
hidden-fixed,1,preparation,100,0.81689999999999996
hidden-fixed,2,border,1,1.2512000000000001
hidden-fixed,2,border,2,1.2170000000000001
hidden-fixed,2,border,3,0.87290000000000001
hidden-fixed,2,border,4,0.8478
hidden-fixed,2,border,5,0.84830000000000005
hidden-fixed,2,border,6,1.2821
hidden-fixed,2,border,7,1.4748000000000001
hidden-fixed,2,border,8,1.4406000000000001
hidden-fixed,2,border,9,0.70330000000000004
hidden-fixed,2,border,10,0.50770000000000004
hidden-fixed,2,border,11,0.52590000000000003
hidden-fixed,2,border,12,0.55310000000000004
hidden-fixed,2,border,13,0.66200000000000003
hidden-fixed,2,border,14,0.56230000000000002
hidden-fixed,2,border,15,0.8548
hidden-fixed,2,border,16,1.0117
hidden-fixed,2,border,17,1.7025999999999999
hidden-fixed,2,border,18,1.2769999999999999
hidden-fixed,2,border,19,1.4550000000000001
hidden-fixed,2,border,20,0.82620000000000005
hidden-fixed,2,border,21,0.99139999999999995
hidden-fixed,2,border,22,0.96950000000000003
hidden-fixed,2,border,23,1.0032000000000001
hidden-fixed,2,border,24,0.68559999999999999
hidden-fixed,2,border,25,0.71360000000000001
hidden-fixed,2,border,26,0.59960000000000002
hidden-fixed,2,border,27,0.50380000000000003
hidden-fixed,2,border,28,0.57750000000000001
hidden-fixed,2,border,29,0.5222
hidden-fixed,2,border,30,0.55259999999999998
hidden-fixed,2,border,31,0.57550000000000001
hidden-fixed,2,border,32,0.51970000000000005
hidden-fixed,2,border,33,0.53280000000000005
hidden-fixed,2,border,34,0.6109
hidden-fixed,2,border,35,1.1303000000000001
hidden-fixed,2,border,36,1.2485999999999999
hidden-fixed,2,border,37,1.4762
hidden-fixed,2,border,38,1.3978999999999999
hidden-fixed,2,border,39,1.1771
hidden-fixed,2,border,40,0.78349999999999997
hidden-fixed,2,border,41,0.80579999999999996
hidden-fixed,2,border,42,1.2541
hidden-fixed,2,border,43,1.4836
hidden-fixed,2,border,44,0.93320000000000003
hidden-fixed,2,border,45,0.6845
hidden-fixed,2,border,46,1.6537999999999999
hidden-fixed,2,border,47,1.2809999999999999
hidden-fixed,2,border,48,1.6540999999999999
hidden-fixed,2,border,49,0.93089999999999995
hidden-fixed,2,border,50,1.1714
hidden-fixed,2,border,51,1.2971999999999999
hidden-fixed,2,border,52,0.78129999999999999
hidden-fixed,2,border,53,0.56930000000000003
hidden-fixed,2,border,54,0.51100000000000001
hidden-fixed,2,border,55,0.46210000000000001
hidden-fixed,2,border,56,0.41920000000000002
hidden-fixed,2,border,57,0.40889999999999999
hidden-fixed,2,border,58,0.49859999999999999
hidden-fixed,2,border,59,2.0990000000000002
hidden-fixed,2,border,60,1.0654999999999999
hidden-fixed,2,border,61,1.2902
hidden-fixed,2,border,62,0.75939999999999996
hidden-fixed,2,border,63,0.84379999999999999
hidden-fixed,2,border,64,1.2718
hidden-fixed,2,border,65,0.9516
hidden-fixed,2,border,66,0.98660000000000003
hidden-fixed,2,border,67,1.2879
hidden-fixed,2,border,68,1.458
hidden-fixed,2,border,69,1.2868999999999999
hidden-fixed,2,border,70,0.88639999999999997
hidden-fixed,2,border,71,0.97109999999999996
hidden-fixed,2,border,72,1.3456999999999999
hidden-fixed,2,border,73,1.3514999999999999
hidden-fixed,2,border,74,0.87150000000000005
hidden-fixed,2,border,75,0.92110000000000003
hidden-fixed,2,border,76,0.8518
hidden-fixed,2,border,77,1.0031000000000001
hidden-fixed,2,border,78,0.93310000000000004
hidden-fixed,2,border,79,0.78720000000000001
hidden-fixed,2,border,80,0.81259999999999999
hidden-fixed,2,border,81,1.2266999999999999
hidden-fixed,2,border,82,0.87029999999999996
hidden-fixed,2,border,83,1.0397000000000001
hidden-fixed,2,border,84,1.2462
hidden-fixed,2,border,85,1.2907999999999999
hidden-fixed,2,border,86,1.3142
hidden-fixed,2,border,87,0.90920000000000001
hidden-fixed,2,border,88,0.83979999999999999
hidden-fixed,2,border,89,1.1459999999999999
hidden-fixed,2,border,90,1.405
hidden-fixed,2,border,91,1.2279
hidden-fixed,2,border,92,1.8253999999999999
hidden-fixed,2,border,93,1.3854
hidden-fixed,2,border,94,1.7323999999999999
hidden-fixed,2,border,95,2.2227000000000001
hidden-fixed,2,border,96,1.3160000000000001
hidden-fixed,2,border,97,1.2766
hidden-fixed,2,border,98,1.2738
hidden-fixed,2,border,99,0.99139999999999995
hidden-fixed,2,border,100,1.1055999999999999
hidden-fixed,2,preparation,1,6.3738000000000001
hidden-fixed,2,preparation,2,1.0883
hidden-fixed,2,preparation,3,1.0474000000000001
hidden-fixed,2,preparation,4,1.7464
hidden-fixed,2,preparation,5,0.94499999999999995
hidden-fixed,2,preparation,6,1.2525999999999999
hidden-fixed,2,preparation,7,1.6053999999999999
hidden-fixed,2,preparation,8,0.98660000000000003
hidden-fixed,2,preparation,9,0.88229999999999997
hidden-fixed,2,preparation,10,1.6536999999999999
hidden-fixed,2,preparation,11,1.6778999999999999
hidden-fixed,2,preparation,12,0.97729999999999995
hidden-fixed,2,preparation,13,1.4974000000000001
hidden-fixed,2,preparation,14,1.0197000000000001
hidden-fixed,2,preparation,15,1.6373
hidden-fixed,2,preparation,16,1.4576
hidden-fixed,2,preparation,17,1.1339999999999999
hidden-fixed,2,preparation,18,6.9983000000000004
hidden-fixed,2,preparation,19,1.4592000000000001
hidden-fixed,2,preparation,20,1.2024999999999999
hidden-fixed,2,preparation,21,1.5408999999999999
hidden-fixed,2,preparation,22,1.4472
hidden-fixed,2,preparation,23,1.3629
hidden-fixed,2,preparation,24,2.1707999999999998
hidden-fixed,2,preparation,25,9.4281000000000006
hidden-fixed,2,preparation,26,1.9198
hidden-fixed,2,preparation,27,1.4422999999999999
hidden-fixed,2,preparation,28,3.1141999999999999
hidden-fixed,2,preparation,29,2.3776000000000002
hidden-fixed,2,preparation,30,10.800800000000001
hidden-fixed,2,preparation,31,4.8461999999999996
hidden-fixed,2,preparation,32,1.4785999999999999
hidden-fixed,2,preparation,33,1.4428000000000001
hidden-fixed,2,preparation,34,2.0543
hidden-fixed,2,preparation,35,1.2551000000000001
hidden-fixed,2,preparation,36,1.3139000000000001
hidden-fixed,2,preparation,37,1.1452
hidden-fixed,2,preparation,38,0.98519999999999996
hidden-fixed,2,preparation,39,1.2889999999999999
hidden-fixed,2,preparation,40,1.5494000000000001
hidden-fixed,2,preparation,41,1.4651000000000001
hidden-fixed,2,preparation,42,1.4012
hidden-fixed,2,preparation,43,1.3767
hidden-fixed,2,preparation,44,1.1736
hidden-fixed,2,preparation,45,1.1113999999999999
hidden-fixed,2,preparation,46,1.4131
hidden-fixed,2,preparation,47,1.3475999999999999
hidden-fixed,2,preparation,48,1.1909000000000001
hidden-fixed,2,preparation,49,1.4676
hidden-fixed,2,preparation,50,1.3875
hidden-fixed,2,preparation,51,0.99439999999999995
hidden-fixed,2,preparation,52,1.0903
hidden-fixed,2,preparation,53,1.2758
hidden-fixed,2,preparation,54,1.3048
hidden-fixed,2,preparation,55,1.1894
hidden-fixed,2,preparation,56,1.2424999999999999
hidden-fixed,2,preparation,57,2.7692000000000001
hidden-fixed,2,preparation,58,1.2287999999999999
hidden-fixed,2,preparation,59,1.1482000000000001
hidden-fixed,2,preparation,60,1.3913
hidden-fixed,2,preparation,61,1.4584999999999999
hidden-fixed,2,preparation,62,2.5028999999999999
hidden-fixed,2,preparation,63,1.0978000000000001
hidden-fixed,2,preparation,64,1.6379999999999999
hidden-fixed,2,preparation,65,3.9157999999999999
hidden-fixed,2,preparation,66,1.3229
hidden-fixed,2,preparation,67,1.2726
hidden-fixed,2,preparation,68,1.3008
hidden-fixed,2,preparation,69,1.4931000000000001
hidden-fixed,2,preparation,70,1.2862
hidden-fixed,2,preparation,71,1.0104
hidden-fixed,2,preparation,72,1.1924999999999999
hidden-fixed,2,preparation,73,1.1154999999999999
hidden-fixed,2,preparation,74,1.9531000000000001
hidden-fixed,2,preparation,75,1.1516
hidden-fixed,2,preparation,76,0.92159999999999997
hidden-fixed,2,preparation,77,1.6499999999999999
hidden-fixed,2,preparation,78,1.5223
hidden-fixed,2,preparation,79,0.99729999999999996
hidden-fixed,2,preparation,80,1.1693
hidden-fixed,2,preparation,81,0.98980000000000001
hidden-fixed,2,preparation,82,1.1149
hidden-fixed,2,preparation,83,1.5731999999999999
hidden-fixed,2,preparation,84,1.5072000000000001
hidden-fixed,2,preparation,85,2.3696999999999999
hidden-fixed,2,preparation,86,1.3070999999999999
hidden-fixed,2,preparation,87,0.62909999999999999
hidden-fixed,2,preparation,88,1.0450999999999999
hidden-fixed,2,preparation,89,4.2305999999999999
hidden-fixed,2,preparation,90,0.91149999999999998
hidden-fixed,2,preparation,91,0.62949999999999995
hidden-fixed,2,preparation,92,1.4205000000000001
hidden-fixed,2,preparation,93,1.0846
hidden-fixed,2,preparation,94,1.2419
hidden-fixed,2,preparation,95,1.2356
hidden-fixed,2,preparation,96,1.2148000000000001
hidden-fixed,2,preparation,97,0.93400000000000005
hidden-fixed,2,preparation,98,0.90969999999999995
hidden-fixed,2,preparation,99,1.127
hidden-fixed,2,preparation,100,1.1996
hidden-fixed,3,border,1,0.92020000000000002
hidden-fixed,3,border,2,0.53120000000000001
hidden-fixed,3,border,3,0.45400000000000001
hidden-fixed,3,border,4,0.69010000000000005
hidden-fixed,3,border,5,0.95379999999999998
hidden-fixed,3,border,6,0.86080000000000001
hidden-fixed,3,border,7,0.5998
hidden-fixed,3,border,8,0.64359999999999995
hidden-fixed,3,border,9,0.51060000000000005
hidden-fixed,3,border,10,0.56759999999999999
hidden-fixed,3,border,11,0.58379999999999999
hidden-fixed,3,border,12,0.69189999999999996
hidden-fixed,3,border,13,0.5383
hidden-fixed,3,border,14,0.65149999999999997
hidden-fixed,3,border,15,0.63229999999999997
hidden-fixed,3,border,16,0.50670000000000004
hidden-fixed,3,border,17,0.52549999999999997
hidden-fixed,3,border,18,0.67510000000000003
hidden-fixed,3,border,19,0.78510000000000002
hidden-fixed,3,border,20,0.75090000000000001
hidden-fixed,3,border,21,0.50660000000000005
hidden-fixed,3,border,22,0.37290000000000001
hidden-fixed,3,border,23,0.3599
hidden-fixed,3,border,24,0.37090000000000001
hidden-fixed,3,border,25,0.38940000000000002
hidden-fixed,3,border,26,0.35349999999999998
hidden-fixed,3,border,27,0.39129999999999998
hidden-fixed,3,border,28,0.35809999999999997
hidden-fixed,3,border,29,0.52680000000000005
hidden-fixed,3,border,30,0.56520000000000004
hidden-fixed,3,border,31,0.877
hidden-fixed,3,border,32,0.81889999999999996
hidden-fixed,3,border,33,0.9294
hidden-fixed,3,border,34,0.96679999999999999
hidden-fixed,3,border,35,0.77510000000000001
hidden-fixed,3,border,36,0.72619999999999996
hidden-fixed,3,border,37,0.82069999999999999
hidden-fixed,3,border,38,0.84150000000000003
hidden-fixed,3,border,39,0.74690000000000001
hidden-fixed,3,border,40,1.1629
hidden-fixed,3,border,41,1.1616
hidden-fixed,3,border,42,1.0668
hidden-fixed,3,border,43,1.3629
hidden-fixed,3,border,44,0.97099999999999997
hidden-fixed,3,border,45,1.9339999999999999
hidden-fixed,3,border,46,0.82920000000000005
hidden-fixed,3,border,47,0.77559999999999996
hidden-fixed,3,border,48,0.6875
hidden-fixed,3,border,49,0.56799999999999995
hidden-fixed,3,border,50,0.59630000000000005
hidden-fixed,3,border,51,0.59919999999999995
hidden-fixed,3,border,52,0.58889999999999998
hidden-fixed,3,border,53,0.53890000000000005
hidden-fixed,3,border,54,0.44290000000000002
hidden-fixed,3,border,55,0.92200000000000004
hidden-fixed,3,border,56,12.2179
hidden-fixed,3,border,57,0.81089999999999995
hidden-fixed,3,border,58,0.48049999999999998
hidden-fixed,3,border,59,0.3962
hidden-fixed,3,border,60,0.80379999999999996
hidden-fixed,3,border,61,0.9677
hidden-fixed,3,border,62,0.75660000000000005
hidden-fixed,3,border,63,0.86939999999999995
hidden-fixed,3,border,64,0.69430000000000003
hidden-fixed,3,border,65,1.5748
hidden-fixed,3,border,66,0.85289999999999999
hidden-fixed,3,border,67,0.78310000000000002
hidden-fixed,3,border,68,1.0055000000000001
hidden-fixed,3,border,69,0.75680000000000003
hidden-fixed,3,border,70,0.67569999999999997
hidden-fixed,3,border,71,0.63129999999999997
hidden-fixed,3,border,72,0.71879999999999999
hidden-fixed,3,border,73,0.76400000000000001
hidden-fixed,3,border,74,0.52180000000000004
hidden-fixed,3,border,75,0.41399999999999998
hidden-fixed,3,border,76,0.42380000000000001
hidden-fixed,3,border,77,0.51049999999999995
hidden-fixed,3,border,78,0.46929999999999999
hidden-fixed,3,border,79,0.95020000000000004
hidden-fixed,3,border,80,0.92400000000000004
hidden-fixed,3,border,81,0.79859999999999998
hidden-fixed,3,border,82,0.90280000000000005
hidden-fixed,3,border,83,0.83260000000000001
hidden-fixed,3,border,84,0.8105
hidden-fixed,3,border,85,0.71850000000000003
hidden-fixed,3,border,86,0.62260000000000004
hidden-fixed,3,border,87,0.63190000000000002
hidden-fixed,3,border,88,0.57479999999999998
hidden-fixed,3,border,89,0.61019999999999996
hidden-fixed,3,border,90,0.51559999999999995
hidden-fixed,3,border,91,0.46689999999999998
hidden-fixed,3,border,92,0.73440000000000005
hidden-fixed,3,border,93,0.66810000000000003
hidden-fixed,3,border,94,0.42730000000000001
hidden-fixed,3,border,95,0.39589999999999997
hidden-fixed,3,border,96,0.45979999999999999
hidden-fixed,3,border,97,0.39400000000000002
hidden-fixed,3,border,98,0.37840000000000001
hidden-fixed,3,border,99,0.38679999999999998
hidden-fixed,3,border,100,0.41560000000000002
hidden-fixed,3,preparation,1,4.8411
hidden-fixed,3,preparation,2,0.93100000000000005
hidden-fixed,3,preparation,3,0.53290000000000004
hidden-fixed,3,preparation,4,0.56230000000000002
hidden-fixed,3,preparation,5,0.71740000000000004
hidden-fixed,3,preparation,6,0.88519999999999999
hidden-fixed,3,preparation,7,0.45669999999999999
hidden-fixed,3,preparation,8,0.76829999999999998
hidden-fixed,3,preparation,9,0.68840000000000001
hidden-fixed,3,preparation,10,0.78390000000000004
hidden-fixed,3,preparation,11,0.54149999999999998
hidden-fixed,3,preparation,12,0.74590000000000001
hidden-fixed,3,preparation,13,0.63060000000000005
hidden-fixed,3,preparation,14,1.6071
hidden-fixed,3,preparation,15,1.6135999999999999
hidden-fixed,3,preparation,16,1.6439999999999999
hidden-fixed,3,preparation,17,0.90739999999999998
hidden-fixed,3,preparation,18,1.0064
hidden-fixed,3,preparation,19,1.1894
hidden-fixed,3,preparation,20,1.1309
hidden-fixed,3,preparation,21,2.2635999999999998
hidden-fixed,3,preparation,22,1.6081000000000001
hidden-fixed,3,preparation,23,1.1267
hidden-fixed,3,preparation,24,1.3382000000000001
hidden-fixed,3,preparation,25,0.76590000000000003
hidden-fixed,3,preparation,26,1.5649
hidden-fixed,3,preparation,27,0.98119999999999996
hidden-fixed,3,preparation,28,1.3615999999999999
hidden-fixed,3,preparation,29,0.98650000000000004
hidden-fixed,3,preparation,30,1.2116
hidden-fixed,3,preparation,31,1.1316999999999999
hidden-fixed,3,preparation,32,0.95240000000000002
hidden-fixed,3,preparation,33,0.86429999999999996
hidden-fixed,3,preparation,34,0.60409999999999997
hidden-fixed,3,preparation,35,0.99509999999999998
hidden-fixed,3,preparation,36,1.7868999999999999
hidden-fixed,3,preparation,37,1.0197000000000001
hidden-fixed,3,preparation,38,2.2014999999999998
hidden-fixed,3,preparation,39,0.51339999999999997
hidden-fixed,3,preparation,40,0.89329999999999998
hidden-fixed,3,preparation,41,0.59540000000000004
hidden-fixed,3,preparation,42,0.98099999999999998
hidden-fixed,3,preparation,43,2.0518999999999998
hidden-fixed,3,preparation,44,1.7747999999999999
hidden-fixed,3,preparation,45,1.9500999999999999
hidden-fixed,3,preparation,46,1.1843999999999999
hidden-fixed,3,preparation,47,0.92149999999999999
hidden-fixed,3,preparation,48,3.6093000000000002
hidden-fixed,3,preparation,49,0.6008
hidden-fixed,3,preparation,50,0.67710000000000004
hidden-fixed,3,preparation,51,0.74250000000000005
hidden-fixed,3,preparation,52,0.56440000000000001
hidden-fixed,3,preparation,53,3.5388999999999999
hidden-fixed,3,preparation,54,0.78149999999999997
hidden-fixed,3,preparation,55,0.6159
hidden-fixed,3,preparation,56,0.92459999999999998
hidden-fixed,3,preparation,57,0.60909999999999997
hidden-fixed,3,preparation,58,2.2948
hidden-fixed,3,preparation,59,2.6591
hidden-fixed,3,preparation,60,0.59740000000000004
hidden-fixed,3,preparation,61,0.57040000000000002
hidden-fixed,3,preparation,62,0.59689999999999999
hidden-fixed,3,preparation,63,1.2456
hidden-fixed,3,preparation,64,0.98329999999999995
hidden-fixed,3,preparation,65,1.1526000000000001
hidden-fixed,3,preparation,66,0.9476
hidden-fixed,3,preparation,67,1.1275999999999999
hidden-fixed,3,preparation,68,2.1305999999999998
hidden-fixed,3,preparation,69,1.1714
hidden-fixed,3,preparation,70,1.0666
hidden-fixed,3,preparation,71,0.87450000000000006
hidden-fixed,3,preparation,72,1.048
hidden-fixed,3,preparation,73,1.0888
hidden-fixed,3,preparation,74,0.69730000000000003
hidden-fixed,3,preparation,75,1.4551000000000001
hidden-fixed,3,preparation,76,1.2316
hidden-fixed,3,preparation,77,0.7732
hidden-fixed,3,preparation,78,0.87949999999999995
hidden-fixed,3,preparation,79,1.2138
hidden-fixed,3,preparation,80,2.2706
hidden-fixed,3,preparation,81,10.3628
hidden-fixed,3,preparation,82,11.0716
hidden-fixed,3,preparation,83,4.1824000000000003
hidden-fixed,3,preparation,84,8.0370000000000008
hidden-fixed,3,preparation,85,5.7935999999999996
hidden-fixed,3,preparation,86,5.4554
hidden-fixed,3,preparation,87,7.3944999999999999
hidden-fixed,3,preparation,88,10.0319
hidden-fixed,3,preparation,89,6.3571999999999997
hidden-fixed,3,preparation,90,7.2766999999999999
hidden-fixed,3,preparation,91,5.4862000000000002
hidden-fixed,3,preparation,92,3.7917000000000001
hidden-fixed,3,preparation,93,1.1904999999999999
hidden-fixed,3,preparation,94,0.90369999999999995
hidden-fixed,3,preparation,95,0.84130000000000005
hidden-fixed,3,preparation,96,1.0452999999999999
hidden-fixed,3,preparation,97,1.3685
hidden-fixed,3,preparation,98,0.92700000000000005
hidden-fixed,3,preparation,99,0.76349999999999996
hidden-fixed,3,preparation,100,1.0359
