run,candidate,sample,changing_total_ms,changing_build_ms,complete_total_ms,clamp_ms,show_ms,corners_ms,border_ms
1,0,1,0.80610000000000004,0.73860000000000003,6.512500,0.852400,1.753200,0.021900,3.885000
1,0,2,0.82320000000000004,0.73999999999999999,2.660100,0.065100,2.336900,0.018200,0.239900
1,0,3,0.88470000000000004,0.80349999999999999,1.534800,0.071300,1.248000,0.022000,0.193500
1,0,4,0.83609999999999995,0.76329999999999998,1.836400,0.077700,1.534700,0.019100,0.204900
1,0,5,0.69220000000000004,0.62329999999999997,2.436200,0.060600,2.163500,0.020400,0.191700
1,0,6,0.65749999999999997,0.58089999999999997,3.717400,0.060300,1.637000,0.167500,1.852600
1,0,7,0.7671,0.6603,2.082500,0.060500,1.815600,0.017100,0.189300
1,0,8,0.79959999999999998,0.73129999999999995,1.810500,0.102000,1.333700,0.017600,0.357200
1,0,9,0.64359999999999995,0.58450000000000002,1.445300,0.077100,1.172700,0.021800,0.173700
1,0,10,0.59009999999999996,0.53459999999999996,1.618900,0.195200,1.136600,0.013000,0.274100
1,0,11,0.60089999999999999,0.53869999999999996,2.465700,0.076200,2.155200,0.023400,0.210900
1,0,12,0.58620000000000005,0.52390000000000003,4.128100,0.272300,3.558900,0.019200,0.277700
1,0,13,0.65390000000000004,0.59189999999999998,4.037300,0.069300,3.719100,0.019000,0.229900
1,0,14,0.68149999999999999,0.61939999999999995,1.450700,0.071500,1.170800,0.020800,0.187600
1,0,15,0.5907,0.53779999999999994,4.337300,0.061300,4.050900,0.018900,0.206200
1,0,16,0.61890000000000001,0.54449999999999998,1.707000,0.071300,1.415800,0.021800,0.198100
1,0,17,0.95089999999999997,0.86099999999999999,1.707200,0.068500,1.418100,0.017900,0.202700
1,0,18,1.448,0.94140000000000001,1.619700,0.060500,1.324900,0.014800,0.219500
1,0,19,1.6654,1.3849,2.870600,0.284300,1.801800,0.019700,0.764800
1,0,20,1.556,1.4738,11.917200,0.071700,11.576500,0.019400,0.249600
1,0,21,2.8976000000000002,2.8079999999999998,1.624400,0.080500,1.306900,0.021200,0.215800
1,0,22,1.2415,1.1658999999999999,1.406000,0.068000,1.084400,0.021100,0.232500
1,0,23,0.65359999999999996,0.59430000000000005,1.586600,0.083900,1.265300,0.020600,0.216800
1,0,24,0.68579999999999997,0.63009999999999999,1.611700,0.067300,1.335500,0.017500,0.191400
1,0,25,0.7621,0.70479999999999998,4.809600,0.726400,3.795300,0.018900,0.269000
1,0,26,0.96909999999999996,0.54820000000000002,2.244200,0.071000,1.689800,0.017800,0.465600
1,0,27,0.7903,0.71899999999999997,1.264600,0.072000,0.997400,0.020100,0.175100
1,0,28,0.97909999999999997,0.89590000000000003,1.439700,0.061100,1.171300,0.016600,0.190700
1,0,29,0.92290000000000005,0.84819999999999995,3.310600,0.065900,2.653800,0.018300,0.572600
1,0,30,0.86160000000000003,0.66610000000000003,1.522100,0.190900,1.141400,0.015200,0.174600
1,0,31,1.8278000000000001,1.5478000000000001,7.414100,0.070200,7.111700,0.016700,0.215500
1,0,32,0.83160000000000001,0.76519999999999999,1.627200,0.074900,1.350800,0.017200,0.184300
1,0,33,0.67949999999999999,0.62039999999999995,1.575800,0.073900,1.263900,0.018700,0.219300
1,0,34,0.78749999999999998,0.7198,2.112600,0.129000,1.771500,0.017400,0.194700
1,0,35,0.7339,0.66700000000000004,1.890100,0.081600,1.563000,0.019300,0.226200
1,0,36,0.89180000000000004,0.8266,1.426600,0.071600,1.019500,0.014500,0.321000
1,0,37,0.64139999999999997,0.58120000000000005,2.283300,0.748600,1.285000,0.030700,0.219000
1,0,38,0.57189999999999996,0.51359999999999995,1.419300,0.089400,1.113300,0.017200,0.199400
1,0,39,0.61329999999999996,0.55920000000000003,1.762100,0.065800,1.475700,0.020500,0.200100
1,0,40,0.58199999999999996,0.5181,1.683200,0.068800,1.287600,0.018800,0.308000
1,0,41,0.72460000000000002,0.65359999999999996,2.311700,0.087300,2.018000,0.017200,0.189200
1,0,42,0.90739999999999998,0.81440000000000001,1.444100,0.133500,1.123700,0.015600,0.171300
1,0,43,0.76700000000000002,0.69630000000000003,1.396700,0.066200,1.141900,0.015700,0.172900
1,0,44,0.72760000000000002,0.65510000000000002,3.251000,0.060600,2.514600,0.017700,0.658100
1,0,45,0.71340000000000003,0.63829999999999998,2.587300,0.571100,1.711800,0.016800,0.287600
1,0,46,0.87050000000000005,0.73209999999999997,2.090500,0.067900,1.733100,0.016600,0.272900
1,0,47,0.74819999999999998,0.68300000000000005,2.519600,0.073300,2.226000,0.016400,0.203900
1,0,48,0.64400000000000002,0.57550000000000001,1.339800,0.061100,1.064500,0.020900,0.193300
1,0,49,1.4380999999999999,0.81689999999999996,1.159300,0.055700,0.937400,0.012100,0.154100
1,0,50,1.8894,0.82599999999999996,1.568900,0.064300,1.307000,0.016700,0.180900
1,0,51,1.3354999999999999,1.2522,2.170900,0.064700,1.897200,0.017700,0.191300
1,0,52,0.97109999999999996,0.88149999999999995,2.497900,0.072100,2.240400,0.015900,0.169500
1,0,53,0.86360000000000003,0.78010000000000002,2.306500,0.084400,1.287200,0.017700,0.917200
1,0,54,0.95579999999999998,0.86750000000000005,4.403900,0.150500,4.045700,0.017600,0.190100
1,0,55,0.93569999999999998,0.83789999999999998,1.430700,0.074800,1.144100,0.017100,0.194700
1,0,56,1.2185999999999999,0.96989999999999998,1.034500,0.053900,0.818000,0.013000,0.149600
1,0,57,0.76290000000000002,0.68200000000000005,1.727100,0.068400,1.370500,0.018100,0.270100
1,0,58,0.71199999999999997,0.64610000000000001,2.954400,0.078200,2.615400,0.020100,0.240700
1,0,59,0.68100000000000005,0.62270000000000003,2.891200,0.055100,1.163900,0.079500,1.592700
1,0,60,0.69969999999999999,0.61099999999999999,1.383800,0.063800,1.119000,0.016900,0.184100
1,0,61,0.7117,0.64810000000000001,2.892200,0.158800,2.299000,0.038700,0.395700
1,0,62,0.73809999999999998,0.65649999999999997,2.472400,0.545600,1.740200,0.016600,0.170000
1,0,63,0.90790000000000004,0.82489999999999997,2.675600,0.093800,2.368200,0.015600,0.198000
1,0,64,1.0722,0.89159999999999995,1.163600,0.053400,0.915800,0.014200,0.180200
1,0,65,3.3954,3.242,1.507600,0.068600,1.158100,0.017900,0.263000
1,0,66,0.92479999999999996,0.85399999999999998,1.643600,0.178100,1.261500,0.016600,0.187400
1,0,67,0.62250000000000005,0.57050000000000001,3.083700,0.599600,1.979200,0.064900,0.440000
1,0,68,0.6512,0.59740000000000004,4.318500,0.148300,3.406400,0.019000,0.744800
1,0,69,0.74150000000000005,0.69030000000000002,1.313100,0.068500,1.063600,0.015000,0.166000
1,0,70,0.55689999999999995,0.50649999999999995,1.802800,0.076000,1.475700,0.029300,0.221800
1,0,71,0.83289999999999997,0.78369999999999995,1.410200,0.070700,1.111200,0.016700,0.211600
1,0,72,0.56020000000000003,0.50780000000000003,1.841600,0.078600,1.419200,0.016800,0.327000
1,0,73,0.72770000000000001,0.68189999999999995,2.127500,0.065500,1.744500,0.018400,0.299100
1,0,74,0.94069999999999998,0.88239999999999996,3.583800,0.068200,2.422100,0.021300,1.072200
1,0,75,0.7177,0.66339999999999999,3.153100,0.074000,2.609200,0.049100,0.420800
1,0,76,0.60440000000000005,0.5524,2.620800,0.052800,2.146500,0.016400,0.405100
1,0,77,0.6492,0.58379999999999999,1.922900,0.089200,1.361200,0.021100,0.451400
1,0,78,0.96550000000000002,0.88260000000000005,1.510200,0.068800,1.213500,0.016600,0.211300
1,0,79,0.84640000000000004,0.78620000000000001,2.358200,0.090000,1.855200,0.023300,0.389700
1,0,80,0.66100000000000003,0.5978,1.518300,0.105700,1.086600,0.027900,0.298100
1,0,81,1.2143999999999999,1.1085,1.371200,0.073100,1.094700,0.015400,0.188000
1,0,82,0.8599,0.78100000000000003,1.659800,0.061900,1.361800,0.022600,0.213500
1,0,83,2.2065000000000001,1.8546,1.136900,0.068900,0.881000,0.014400,0.172600
1,0,84,1.1525000000000001,1.0744,1.246300,0.067100,1.003700,0.013500,0.162000
1,0,85,0.88049999999999995,0.80069999999999997,2.169300,0.075400,1.898000,0.015600,0.180300
1,0,86,0.78559999999999997,0.71309999999999996,3.701900,0.073900,2.786000,0.016300,0.825700
1,0,87,0.82569999999999999,0.75160000000000005,3.127000,0.070900,2.121800,0.063400,0.870900
1,0,88,0.8075,0.7359,1.103900,0.072900,0.871200,0.012500,0.147300
1,0,89,0.70979999999999999,0.64219999999999999,5.586900,0.062800,5.287900,0.017100,0.219100
1,0,90,0.74270000000000003,0.67069999999999996,1.606900,0.073000,1.182000,0.015600,0.336300
1,0,91,0.79120000000000001,0.71819999999999995,1.582400,0.076900,1.253600,0.026800,0.225100
1,0,92,0.88519999999999999,0.80030000000000001,1.421800,0.059900,1.172900,0.015900,0.173100
1,0,93,0.82469999999999999,0.75409999999999999,4.712100,0.437300,3.847000,0.023000,0.404800
1,0,94,0.73850000000000005,0.66310000000000002,1.742600,0.074800,1.441300,0.017800,0.208700
1,0,95,0.73019999999999996,0.66269999999999996,1.195000,0.062900,0.956200,0.014600,0.161300
1,0,96,0.60609999999999997,0.55069999999999997,1.150800,0.086400,0.875400,0.014600,0.174400
1,0,97,0.59789999999999999,0.54110000000000003,1.288800,0.074100,0.992200,0.024200,0.198300
1,0,98,1.2283999999999999,0.85919999999999996,1.228900,0.074900,0.942100,0.014200,0.197700
1,0,99,1.8801000000000001,1.5533999999999999,1.126000,0.055000,0.905500,0.013400,0.152100
1,0,100,0.89090000000000003,0.81869999999999998,3.143200,0.062600,2.851300,0.018500,0.210800
2,1,1,1.7009000000000001,1.5432999999999999,13.729400,0.063600,10.109600,0.018600,3.537600
2,1,2,1.1053999999999999,1.0225,1.964500,0.061700,1.750300,0.016400,0.136100
2,1,3,0.94779999999999998,0.86119999999999997,1.066300,0.056800,0.868700,0.013400,0.127400
2,1,4,1.9087000000000001,1.8140000000000001,1.034400,0.057400,0.835900,0.012700,0.128400
2,1,5,0.97629999999999995,0.89839999999999998,1.846800,0.407300,1.280500,0.023900,0.135100
2,1,6,0.97360000000000002,0.90029999999999999,1.148000,0.061300,0.943900,0.014000,0.128800
2,1,7,0.96509999999999996,0.88770000000000004,2.606200,0.421300,1.681300,0.026600,0.477000
2,1,8,0.90010000000000001,0.82740000000000002,6.029200,0.062800,5.791300,0.018100,0.157000
2,1,9,1.0846,1.0065999999999999,2.024700,0.611800,1.235200,0.027000,0.150700
2,1,10,1.4549000000000001,1.2185999999999999,1.500100,0.067900,1.261100,0.021100,0.150000
2,1,11,0.91669999999999996,0.83360000000000001,2.184200,0.068900,1.828300,0.127600,0.159400
2,1,12,0.82199999999999995,0.75370000000000004,1.394600,0.068700,1.153500,0.019000,0.153400
2,1,13,0.68400000000000005,0.61970000000000003,1.605100,0.131800,1.309700,0.016900,0.146700
2,1,14,0.66020000000000001,0.59279999999999999,2.432400,0.176100,2.073600,0.019700,0.163000
2,1,15,1.6642999999999999,1.5821000000000001,2.293400,0.079000,2.045300,0.017800,0.151300
2,1,16,0.87770000000000004,0.79669999999999996,1.550500,0.123000,1.239900,0.018000,0.169600
2,1,17,1.5264,1.4555,3.471800,0.073000,3.242000,0.018000,0.138800
2,1,18,0.93179999999999996,0.85750000000000004,8.153100,6.296700,1.700800,0.016500,0.139100
2,1,19,0.66720000000000002,0.61060000000000003,1.402500,0.080000,1.154300,0.015100,0.153100
2,1,20,0.73999999999999999,0.67879999999999996,1.129900,0.063400,0.923900,0.012800,0.129800
2,1,21,1.8461000000000001,1.7335,1.344800,0.070500,1.111700,0.014900,0.147700
2,1,22,1.3946000000000001,1.3159000000000001,1.561000,0.070600,1.283300,0.020800,0.186300
2,1,23,1.5287999999999999,1.4367000000000001,2.300600,0.075900,2.028400,0.018100,0.178200
2,1,24,1.8312999999999999,1.6587000000000001,1.171500,0.064300,0.960400,0.014600,0.132200
2,1,25,0.89019999999999999,0.80359999999999998,1.322800,0.066700,1.107900,0.015200,0.133000
2,1,26,0.88049999999999995,0.7712,1.296000,0.233600,0.909000,0.014200,0.139200
2,1,27,0.70099999999999996,0.6421,2.284400,0.094400,2.021200,0.018800,0.150000
2,1,28,5.4695999999999998,5.3888999999999996,2.078600,0.071300,1.847800,0.018700,0.140800
2,1,29,0.78110000000000002,0.71599999999999997,1.199400,0.063100,0.968500,0.018400,0.149400
2,1,30,0.95389999999999997,0.87649999999999995,2.986300,0.079300,2.714100,0.018500,0.174400
2,1,31,0.79469999999999996,0.72929999999999995,1.862700,0.205200,1.481800,0.014500,0.161200
2,1,32,0.76929999999999998,0.69720000000000004,1.699400,0.075600,1.448700,0.020300,0.154800
2,1,33,0.81169999999999998,0.73599999999999999,1.377000,0.069100,1.133700,0.023400,0.150800
2,1,34,2.2355,2.1442999999999999,1.397300,0.064900,1.155900,0.019000,0.157500
2,1,35,1.7767999999999999,1.5799000000000001,2.237800,0.072200,1.882800,0.017700,0.265100
2,1,36,3.4893000000000001,3.3906000000000001,2.342800,0.070700,2.088000,0.021900,0.162200
2,1,37,1.0399,0.90629999999999999,2.990900,0.076200,2.740800,0.021400,0.152500
2,1,38,1.1979,1.0838000000000001,2.355700,0.077000,2.112400,0.021100,0.145200
2,1,39,1.5370999999999999,0.94040000000000001,2.850000,0.080200,1.969800,0.018300,0.781700
2,1,40,1.2650999999999999,1.0748,2.242000,0.087100,1.974700,0.019900,0.160300
2,1,41,1.2137,1.0609999999999999,1.516000,0.076400,1.257200,0.020000,0.162400
2,1,42,1.5558000000000001,1.1211,2.164700,0.064400,1.920500,0.024900,0.154900
2,1,43,0.96499999999999997,0.82650000000000001,1.722700,0.524300,1.031300,0.017400,0.149700
2,1,44,1.1474,0.96020000000000005,1.041400,0.059900,0.831100,0.013400,0.137000
2,1,45,1.9913000000000001,1.6342000000000001,1.882100,0.063600,1.586100,0.021400,0.211000
2,1,46,2.2848999999999999,2.2086999999999999,1.772800,0.058500,1.538500,0.022400,0.153400
2,1,47,0.9819,0.74480000000000002,2.018700,0.062300,1.784000,0.022100,0.150300
2,1,48,1.0779000000000001,0.94620000000000004,2.827900,0.075600,2.546800,0.019500,0.186000
2,1,49,1.1942999999999999,0.93089999999999995,1.117100,0.072900,0.882100,0.014800,0.147300
2,1,50,2.8450000000000002,2.7222,1.389100,0.064800,1.157600,0.023100,0.143600
2,1,51,0.81210000000000004,0.74350000000000005,1.237600,0.062700,1.020700,0.014300,0.139900
2,1,52,0.81279999999999997,0.72870000000000001,2.172400,0.069700,1.929900,0.018400,0.154400
2,1,53,0.83960000000000001,0.76839999999999997,2.108800,0.073400,1.867700,0.018000,0.149700
2,1,54,0.71579999999999999,0.64849999999999997,1.313200,0.065300,1.078900,0.020500,0.148500
2,1,55,0.70440000000000003,0.6351,2.868400,0.370600,2.337500,0.020600,0.139700
2,1,56,0.76000000000000001,0.59799999999999998,1.257000,0.072700,1.010000,0.022200,0.152100
2,1,57,1.2654000000000001,1.1806000000000001,1.117800,0.067100,0.893200,0.015000,0.142500
2,1,58,1.5916999999999999,1.2892999999999999,1.210100,0.063100,0.960900,0.039900,0.146200
2,1,59,2.0790000000000002,1.9350000000000001,1.811100,0.069900,1.567300,0.018100,0.155800
2,1,60,0.88739999999999997,0.8054,1.939400,0.064700,1.727900,0.014500,0.132300
2,1,61,0.79469999999999996,0.72699999999999998,1.115400,0.059900,0.909800,0.013800,0.131900
2,1,62,0.70840000000000003,0.64570000000000005,2.069700,0.074000,1.828800,0.019500,0.147400
2,1,63,0.80359999999999998,0.70850000000000002,1.390300,0.067100,1.158000,0.025800,0.139400
2,1,64,0.75149999999999995,0.68069999999999997,2.360700,0.101900,2.102500,0.017400,0.138900
2,1,65,1.1916,1.1200000000000001,1.117400,0.061800,0.914000,0.012900,0.128700
2,1,66,0.84599999999999997,0.76939999999999997,1.465800,0.058800,1.240000,0.021900,0.145100
2,1,67,1.2587999999999999,1.1787000000000001,2.044900,0.066600,1.821600,0.017400,0.139300
2,1,68,2.7273000000000001,2.6375000000000002,1.472900,0.062600,1.229700,0.026400,0.154200
2,1,69,5.0791000000000004,4.3007999999999997,1.055200,0.057500,0.860700,0.013900,0.123100
2,1,70,1.7955000000000001,1.6728000000000001,1.184500,0.079100,0.961700,0.013900,0.129800
2,1,71,1.4502999999999999,1.3665,1.285500,0.083700,1.058500,0.013600,0.129700
2,1,72,0.81569999999999998,0.74429999999999996,1.131600,0.057700,0.932800,0.013900,0.127200
2,1,73,1.8928,1.6746000000000001,2.646500,0.068300,2.401300,0.019700,0.157200
2,1,74,0.94999999999999996,0.87270000000000003,2.254300,0.589100,1.488100,0.016500,0.160600
2,1,75,0.76929999999999998,0.69930000000000003,12.351700,0.058200,12.129900,0.018800,0.144800
2,1,76,4.9936999999999996,4.9048999999999996,1.126600,0.059400,0.921700,0.013200,0.132300
2,1,77,3.1337000000000002,3.0438999999999998,1.406800,0.067100,1.157700,0.024700,0.157300
2,1,78,1.0685,0.9476,1.257100,0.061300,1.042300,0.015000,0.138500
2,1,79,0.99860000000000004,0.91679999999999995,1.380700,0.076100,1.132700,0.023700,0.148200
2,1,80,0.84089999999999998,0.77039999999999997,1.201100,0.061500,0.988900,0.014300,0.136400
2,1,81,3.0272999999999999,2.9457,1.439100,0.066500,1.204100,0.020700,0.147800
2,1,82,1.1416999999999999,0.95660000000000001,1.118900,0.057200,0.910400,0.014500,0.136800
2,1,83,1.1283000000000001,1.0494000000000001,4.750200,0.064700,4.408700,0.018100,0.258700
2,1,84,1.0851999999999999,1.0118,4.741200,0.077600,4.480000,0.018600,0.165000
2,1,85,1.2962,1.2253000000000001,1.679700,0.073700,1.441600,0.017500,0.146900
2,1,86,1.335,1.2459,4.089300,0.068500,3.863000,0.016900,0.140900
2,1,87,1.6935,1.1237999999999999,1.226800,0.059300,0.980800,0.023900,0.162800
2,1,88,1.4248000000000001,1.0149999999999999,1.419700,0.069200,1.126300,0.019500,0.204700
2,1,89,1.0129999999999999,0.86370000000000002,1.638000,0.180300,1.290900,0.020600,0.146200
2,1,90,0.79090000000000005,0.73250000000000004,2.124000,0.070800,1.893700,0.017200,0.142300
2,1,91,0.65239999999999998,0.58330000000000004,2.580600,0.072100,1.736400,0.016900,0.755200
2,1,92,4.0201000000000002,3.9380000000000002,1.962900,0.100400,1.548200,0.070300,0.244000
2,1,93,1.0016,0.91190000000000004,1.316500,0.066000,1.081200,0.024700,0.144600
2,1,94,0.75209999999999999,0.6825,1.328500,0.064400,1.093400,0.024400,0.146300
2,1,95,0.64339999999999997,0.58450000000000002,1.133500,0.061700,0.909400,0.023300,0.139100
2,1,96,3.0638999999999998,2.9504999999999999,3.687800,0.069100,3.466700,0.016700,0.135300
2,1,97,1.9188000000000001,1.8402000000000001,2.820000,0.089200,2.523200,0.019100,0.188500
2,1,98,0.96009999999999995,0.87970000000000004,2.196000,0.069500,1.951400,0.019400,0.155700
2,1,99,2.9302000000000001,2.8359999999999999,1.741700,0.072800,1.462900,0.019400,0.186600
2,1,100,0.92059999999999997,0.84340000000000004,1.256800,0.065400,1.034900,0.017600,0.138900
3,1,1,1.8365,1.7499,7.053200,0.098100,1.639100,0.022100,5.293900
3,1,2,1.4395,1.2074,1.193000,0.064100,0.962700,0.016700,0.149500
3,1,3,1.2490000000000001,1.1524000000000001,2.699100,1.169700,1.356200,0.018600,0.154600
3,1,4,0.91339999999999999,0.85399999999999998,1.681800,0.078400,1.400800,0.031400,0.171200
3,1,5,0.71060000000000001,0.65100000000000002,2.505600,0.072600,1.871800,0.044200,0.517000
3,1,6,1.0225,0.95499999999999996,2.684200,0.071600,2.454800,0.017000,0.140800
3,1,7,0.65269999999999995,0.60250000000000004,2.259000,0.067800,2.012200,0.023100,0.155900
3,1,8,0.57210000000000005,0.52090000000000003,1.485000,0.066500,1.262700,0.016100,0.139700
3,1,9,0.84150000000000003,0.79190000000000005,1.121000,0.061900,0.911400,0.013700,0.134000
3,1,10,0.58730000000000004,0.53080000000000005,2.189500,0.080100,1.929900,0.017700,0.161800
3,1,11,0.58479999999999999,0.52690000000000003,1.393100,0.065100,1.104400,0.017800,0.205800
3,1,12,1.3075000000000001,0.9849,2.100400,0.068200,1.864000,0.017600,0.150600
3,1,13,0.92879999999999996,0.83489999999999998,1.207600,0.063900,0.873300,0.014200,0.256200
3,1,14,0.95879999999999999,0.78000000000000003,3.251500,0.110900,2.963600,0.019300,0.157700
3,1,15,0.66679999999999995,0.60840000000000005,0.999100,0.060400,0.796000,0.013100,0.129600
3,1,16,0.68669999999999998,0.62660000000000005,2.556100,0.903900,1.492000,0.017300,0.142900
3,1,17,0.67220000000000002,0.60860000000000003,1.335500,0.066900,1.068300,0.018000,0.182300
3,1,18,0.97789999999999999,0.80020000000000002,1.275900,0.078400,1.022400,0.024800,0.150300
3,1,19,6.0045999999999999,2.5752999999999999,6.267700,0.078200,6.031000,0.018000,0.140500
3,1,20,1.0043,0.94769999999999999,6.222400,0.063000,6.002800,0.017600,0.139000
3,1,21,3.1858,3.1118000000000001,1.178300,0.060800,0.973400,0.014300,0.129800
3,1,22,4.0763999999999996,4.0021000000000004,1.448900,0.061500,1.234000,0.016500,0.136900
3,1,23,4.2003000000000004,4.1193999999999997,2.647500,0.076700,2.388900,0.018600,0.163300
3,1,24,4.3426999999999998,4.2606999999999999,1.544000,0.071900,1.294600,0.022700,0.154800
3,1,25,9.2021999999999995,9.1172000000000004,1.836400,0.075100,1.531500,0.072000,0.157800
3,1,26,5.8030999999999997,5.7290000000000001,2.118000,0.089800,1.862400,0.019400,0.146400
3,1,27,0.71519999999999995,0.66279999999999994,1.439900,0.073200,1.190100,0.018900,0.157700
3,1,28,0.55710000000000004,0.50790000000000002,2.308000,0.070300,2.006100,0.019400,0.212200
3,1,29,4.2531999999999996,4.1698000000000004,1.184700,0.065300,0.956700,0.023000,0.139700
3,1,30,1.1658999999999999,1.1027,1.396600,0.061100,1.186400,0.015300,0.133800
3,1,31,0.74839999999999995,0.70150000000000001,5.890400,0.058800,5.664100,0.018000,0.149500
3,1,32,12.481,12.398400000000001,1.403100,0.067200,1.184700,0.015800,0.135400
3,1,33,11.133699999999999,11.0512,1.811600,0.078100,1.530000,0.017700,0.185800
3,1,34,8.3999000000000006,8.3218999999999994,2.878500,0.072400,2.492700,0.113600,0.199800
3,1,35,5.3109999999999999,5.2263999999999999,3.351500,0.070800,3.038100,0.017500,0.225100
3,1,36,1.1684000000000001,1.0967,2.031200,0.374500,1.343100,0.057200,0.256400
3,1,37,1.0959000000000001,0.8891,1.586100,0.060300,1.373100,0.015500,0.137200
3,1,38,3.6347999999999998,3.5447000000000002,1.523300,0.059300,1.070900,0.052000,0.341100
3,1,39,1.1553,1.0834999999999999,1.058800,0.060600,0.856700,0.012500,0.129000
3,1,40,0.80469999999999997,0.73370000000000002,1.866500,0.072700,1.600500,0.019200,0.174100
3,1,41,0.7591,0.70420000000000005,2.682300,0.074300,2.422400,0.019600,0.166000
3,1,42,0.60209999999999997,0.55089999999999995,2.337500,0.107000,2.018600,0.021400,0.190500
3,1,43,0.58730000000000004,0.53410000000000002,1.457500,0.073700,1.225600,0.016100,0.142100
3,1,44,0.72040000000000004,0.67249999999999999,1.738200,0.072500,1.485200,0.019500,0.161000
3,1,45,0.81820000000000004,0.75670000000000004,2.449000,0.063800,2.199000,0.020600,0.165600
3,1,46,3.5981999999999998,3.516,1.182300,0.069900,0.946700,0.015900,0.149800
3,1,47,4.2259000000000002,4.1417000000000002,1.762500,0.400700,1.145700,0.048600,0.167500
3,1,48,0.87209999999999999,0.80100000000000005,1.577900,0.077600,1.297700,0.019500,0.183100
3,1,49,1.0802,1.0024999999999999,2.494700,0.085200,1.355300,0.018000,1.036200
3,1,50,0.878,0.80220000000000002,1.551200,0.074400,1.315900,0.015400,0.145500
3,1,51,1.8854,1.8080000000000001,7.067200,0.596200,3.996900,0.020900,2.453200
3,1,52,0.97240000000000004,0.9052,1.199100,0.078700,0.963700,0.014600,0.142100
3,1,53,2.2494000000000001,2.1435,4.203100,0.063700,1.344400,2.518100,0.276900
3,1,54,1.3548,0.88780000000000003,2.691100,0.226600,2.302800,0.017100,0.144600
3,1,55,0.93089999999999995,0.85040000000000004,1.945100,0.113800,1.668900,0.017200,0.145200
3,1,56,1.0276000000000001,0.94920000000000004,2.406400,0.492800,1.734200,0.023000,0.156400
3,1,57,1.1259999999999999,1.0116000000000001,1.305900,0.072800,1.063500,0.016500,0.153100
3,1,58,1.397,1.3127,3.837300,0.245100,3.419400,0.017000,0.155800
3,1,59,1.7332000000000001,1.4914000000000001,2.035600,0.078500,1.749000,0.029200,0.178900
3,1,60,1.2427999999999999,1.0506,3.039000,0.471900,2.234900,0.020800,0.311400
3,1,61,1.9635,1.6598999999999999,1.548300,0.061900,1.321300,0.017700,0.147400
3,1,62,1.2686999999999999,1.0587,1.106500,0.061700,0.900800,0.013800,0.130200
3,1,63,0.81159999999999999,0.74299999999999999,1.340600,0.060600,1.127500,0.014900,0.137600
3,1,64,0.65620000000000001,0.5827,1.836200,0.251100,1.339000,0.080000,0.166100
3,1,65,0.73040000000000005,0.64980000000000004,1.979800,0.070500,1.718100,0.017800,0.173400
3,1,66,1.2154,1.0333000000000001,1.147900,0.058700,0.927100,0.021400,0.140700
3,1,67,0.65800000000000003,0.60209999999999997,2.349800,0.083500,2.109500,0.017500,0.139300
3,1,68,0.67579999999999996,0.62390000000000001,1.131300,0.060500,0.927800,0.013200,0.129800
3,1,69,2.9539,2.8794,1.475000,0.069200,1.168500,0.023300,0.214000
3,1,70,0.93459999999999999,0.88349999999999995,1.442000,0.068800,1.209500,0.020100,0.143600
3,1,71,4.8240999999999996,4.4451000000000001,1.267700,0.063400,1.043300,0.020800,0.140200
3,1,72,2.6631,2.5981000000000001,2.376700,0.393000,1.813100,0.017500,0.153100
3,1,73,4.5403000000000002,4.4626999999999999,1.565500,0.078800,1.310600,0.018000,0.158100
3,1,74,4.5438000000000001,4.4683999999999999,2.049300,0.328100,1.538300,0.017600,0.165300
3,1,75,2.3206000000000002,2.2452999999999999,1.986400,0.151600,1.645400,0.031900,0.157500
3,1,76,3.9556,3.8757000000000001,1.287400,0.060500,1.063900,0.016800,0.146200
3,1,77,0.71379999999999999,0.66859999999999997,1.507300,0.065500,1.266600,0.018400,0.156800
3,1,78,3.2080000000000002,3.1379000000000001,2.552500,0.066700,1.550100,0.017600,0.918100
3,1,79,0.6976,0.65049999999999997,1.421200,0.071700,1.195100,0.015700,0.138700
3,1,80,3.2652999999999999,3.2046999999999999,2.371400,0.073000,2.014700,0.017300,0.266400
3,1,81,0.75290000000000001,0.70679999999999998,4.469700,0.093800,4.190600,0.018500,0.166800
3,1,82,5.2752999999999997,5.1984000000000004,1.852800,0.059100,1.589900,0.014800,0.189000
3,1,83,0.92020000000000002,0.872,1.418000,0.080100,1.146400,0.024200,0.167300
3,1,84,2.9803000000000002,2.9135,6.295600,0.079800,6.032700,0.020800,0.162300
3,1,85,1.742,1.3402000000000001,4.105300,0.077200,2.543200,0.018600,1.466300
3,1,86,3.5956999999999999,3.5205000000000002,2.255900,0.069600,2.025400,0.017700,0.143200
3,1,87,1.6774,1.6037999999999999,1.048900,0.061000,0.839800,0.013700,0.134400
3,1,88,0.92120000000000002,0.86599999999999999,1.326900,0.061000,1.088300,0.015500,0.162100
3,1,89,4.9878999999999998,4.9021999999999997,1.580700,0.065200,1.312800,0.016400,0.186300
3,1,90,4.4897,4.3860000000000001,1.581900,0.256000,1.156100,0.018900,0.150900
3,1,91,0.77090000000000003,0.71750000000000003,1.861000,0.064800,1.635600,0.020000,0.140600
3,1,92,3.3233000000000001,3.2458,27.226100,0.070700,26.991800,0.018200,0.145400
3,1,93,0.77659999999999996,0.71779999999999999,1.801500,0.070300,1.541100,0.018500,0.171600
3,1,94,0.54520000000000002,0.49940000000000001,1.600500,0.060000,1.311700,0.088100,0.140700
3,1,95,0.66549999999999998,0.61329999999999996,2.064300,0.186900,1.671700,0.023800,0.181900
3,1,96,0.78239999999999998,0.73089999999999999,2.873700,0.376700,2.303500,0.018000,0.175500
3,1,97,0.72770000000000001,0.67549999999999999,1.561300,0.069800,1.308300,0.018000,0.165200
3,1,98,2.6114000000000002,2.5348000000000002,1.647000,0.068600,1.415800,0.015900,0.146700
3,1,99,0.73209999999999997,0.68059999999999998,2.785200,0.072500,2.397000,0.031500,0.284200
3,1,100,0.52969999999999995,0.48070000000000002,2.082800,0.068100,1.847300,0.017100,0.150300
4,0,1,0.76859999999999995,0.70569999999999999,10.666200,0.061800,4.232200,0.021000,6.351200
4,0,2,0.65569999999999995,0.59160000000000001,1.623700,0.087100,1.335900,0.018200,0.182500
4,0,3,0.68240000000000001,0.61799999999999999,1.131700,0.062900,0.873200,0.024000,0.171600
4,0,4,0.55759999999999998,0.50629999999999997,1.461600,0.070900,1.173500,0.026100,0.191100
4,0,5,1.5111000000000001,0.50260000000000005,1.425600,0.081500,1.139000,0.026000,0.179100
4,0,6,0.80479999999999996,0.73709999999999998,1.480700,0.075900,1.167100,0.018200,0.219500
4,0,7,0.71389999999999998,0.65369999999999995,3.162100,0.060700,2.863300,0.017100,0.221000
4,0,8,0.95350000000000001,0.88770000000000004,1.732300,0.061900,1.453000,0.018500,0.198900
4,0,9,1.0758000000000001,0.79110000000000003,2.041000,0.099200,1.222100,0.018500,0.701200
4,0,10,1.2113,1.1396999999999999,1.527500,0.072700,1.131600,0.016800,0.306400
4,0,11,1.0065,0.9274,1.301400,0.065000,1.044300,0.021000,0.171100
4,0,12,1.3284,1.2452000000000001,7.781400,0.069800,7.119400,0.017900,0.574300
4,0,13,0.94540000000000002,0.75319999999999998,1.973100,0.065900,1.622900,0.017700,0.266600
4,0,14,1.0786,0.87190000000000001,1.670200,0.173000,1.295800,0.016800,0.184600
4,0,15,0.7399,0.67520000000000002,1.490900,0.066100,1.174500,0.025700,0.224600
4,0,16,0.71909999999999996,0.65129999999999999,4.969400,0.069100,4.700400,0.018900,0.181000
4,0,17,1.0838000000000001,1.0186999999999999,2.409600,0.193400,2.008300,0.019400,0.188500
4,0,18,0.8528,0.74350000000000005,4.954200,0.368700,2.642100,0.019200,1.924200
4,0,19,0.8135,0.74319999999999997,6.882300,0.063900,1.351900,0.015100,5.451400
4,0,20,0.76039999999999996,0.66590000000000005,1.301700,0.067200,1.055300,0.015800,0.163400
4,0,21,0.68500000000000005,0.62860000000000005,1.184000,0.060200,0.949200,0.013300,0.161300
4,0,22,0.56789999999999996,0.51349999999999996,2.284800,0.059700,1.955500,0.021600,0.248000
4,0,23,0.77539999999999998,0.7056,2.435100,0.071000,2.153500,0.019200,0.191400
4,0,24,0.73570000000000002,0.67200000000000004,1.230700,0.061400,0.997800,0.013900,0.157600
4,0,25,0.7127,0.64259999999999995,1.036500,0.058400,0.708800,0.012700,0.256600
4,0,26,1.3403,0.96579999999999999,1.022400,0.060900,0.791000,0.014200,0.156300
4,0,27,1.0510999999999999,0.85289999999999999,1.026000,0.059100,0.773900,0.012800,0.180200
4,0,28,0.98829999999999996,0.91320000000000001,3.210800,0.062700,2.967700,0.016900,0.163500
4,0,29,0.75329999999999997,0.68559999999999999,2.277100,0.487100,1.385200,0.016600,0.388200
4,0,30,4.867,4.7683,2.125800,0.075900,1.828000,0.021900,0.200000
4,0,31,0.74909999999999999,0.68500000000000005,3.379900,0.104300,3.032800,0.019500,0.223300
4,0,32,1.4487000000000001,1.3464,5.571700,3.126000,1.904200,0.072500,0.469000
4,0,33,1.1266,1.0349999999999999,1.728000,0.061600,1.484400,0.016000,0.166000
4,0,34,0.89710000000000001,0.82369999999999999,1.077700,0.056600,0.848400,0.013700,0.159000
4,0,35,0.76470000000000005,0.69489999999999996,1.141700,0.059200,0.896200,0.024000,0.162300
4,0,36,0.94240000000000002,0.87329999999999997,1.120700,0.057700,0.890500,0.014400,0.158100
4,0,37,0.69550000000000001,0.63149999999999995,1.468700,0.071900,1.187100,0.017000,0.192700
4,0,38,2.7911000000000001,2.7101000000000002,1.623100,0.078200,1.315600,0.018900,0.210400
4,0,39,1.0824,1.0029999999999999,2.232000,0.061600,1.931400,0.026000,0.213000
4,0,40,0.9708,0.90029999999999999,1.706600,0.074500,1.442000,0.018100,0.172000
4,0,41,5.7354000000000003,5.6299000000000001,2.561400,0.153000,2.157100,0.019500,0.231800
4,0,42,0.99750000000000005,0.92300000000000004,2.222800,0.061600,1.829000,0.114800,0.217400
4,0,43,0.97589999999999999,0.90429999999999999,1.168200,0.060200,0.939000,0.013600,0.155400
4,0,44,0.69010000000000005,0.63839999999999997,1.344100,0.063200,1.092300,0.024500,0.164100
4,0,45,3.3531,3.2564000000000002,1.279400,0.067500,1.000600,0.023200,0.188100
4,0,46,1.1800999999999999,1.1040000000000001,1.128100,0.058700,0.898700,0.014000,0.156700
4,0,47,0.82899999999999996,0.76690000000000003,1.550600,0.215900,1.060400,0.015100,0.259200
4,0,48,0.56610000000000005,0.51639999999999997,1.332900,0.090800,1.067800,0.014800,0.159500
4,0,49,0.46710000000000002,0.4239,1.096100,0.059100,0.857000,0.022100,0.157900
4,0,50,0.54139999999999999,0.49320000000000003,2.120100,0.238400,1.672100,0.017600,0.192000
4,0,51,11.273899999999999,11.198399999999999,0.975700,0.060400,0.761200,0.012200,0.141900
4,0,52,0.73740000000000006,0.68089999999999995,0.915800,0.058100,0.704300,0.011400,0.142000
4,0,53,0.47539999999999999,0.43269999999999997,1.039100,0.057300,0.809800,0.013800,0.158200
4,0,54,0.44290000000000002,0.4012,2.756400,0.505400,1.876300,0.021700,0.353000
4,0,55,0.43959999999999999,0.39760000000000001,2.806900,0.069800,2.139700,0.033300,0.564100
4,0,56,0.82669999999999999,0.76190000000000002,1.299600,0.080700,1.023200,0.016200,0.179500
4,0,57,0.81010000000000004,0.75049999999999994,1.372100,0.064200,1.073100,0.016100,0.218700
4,0,58,0.65529999999999999,0.60350000000000004,1.939400,0.063300,1.629100,0.022700,0.224300
4,0,59,0.75439999999999996,0.70409999999999995,1.777300,0.089100,1.475900,0.018300,0.194000
4,0,60,3.2856000000000001,3.2052999999999998,1.658700,0.088100,1.374600,0.017400,0.178600
4,0,61,2.0760999999999998,1.9923999999999999,1.251300,0.066600,1.006900,0.014500,0.163300
4,0,62,0.74580000000000002,0.69089999999999996,1.307200,0.071300,1.057000,0.015700,0.163200
4,0,63,0.7732,0.71499999999999997,2.256400,0.068800,1.857900,0.030900,0.298800
4,0,64,0.84940000000000004,0.78059999999999996,3.645300,0.753100,2.061700,0.018100,0.812400
4,0,65,3.3538000000000001,3.2618999999999998,1.203400,0.074000,0.908400,0.025700,0.195300
4,0,66,2.2334000000000001,2.1444999999999999,1.893300,0.077800,1.587400,0.019800,0.208300
4,0,67,1.1564000000000001,1.0759000000000001,1.696800,0.083000,1.309500,0.045600,0.258700
4,0,68,0.93859999999999999,0.85740000000000005,2.380400,0.071200,1.839700,0.034400,0.435100
4,0,69,0.73839999999999995,0.67390000000000005,1.633800,0.062500,1.326400,0.018100,0.226800
4,0,70,0.67159999999999997,0.61119999999999997,2.456500,0.671300,1.530200,0.018200,0.236800
4,0,71,1.5550999999999999,1.4777,1.977900,0.097200,1.673800,0.017500,0.189400
4,0,72,2.6236000000000002,0.90980000000000005,2.012900,0.153200,1.607100,0.023700,0.228900
4,0,73,1.1353,1.0688,3.894300,0.060000,3.555600,0.020600,0.258100
4,0,74,0.78710000000000002,0.73229999999999995,2.653800,0.103800,1.819600,0.020200,0.710200
4,0,75,13.0541,12.816599999999999,2.646300,0.191000,2.223400,0.023000,0.208900
4,0,76,0.85660000000000003,0.7944,2.074200,0.076000,1.785600,0.018200,0.194400
4,0,77,0.63800000000000001,0.56810000000000005,1.385900,0.062500,1.074300,0.023100,0.226000
4,0,78,0.57240000000000002,0.51619999999999999,1.375000,0.070500,1.065300,0.015200,0.224000
4,0,79,2.6553,0.55979999999999996,1.881500,0.070000,1.579100,0.021000,0.211400
4,0,80,1.867,1.3495999999999999,3.300700,0.350300,2.750700,0.019700,0.180000
4,0,81,0.82520000000000004,0.77310000000000001,1.201500,0.062300,0.964100,0.014800,0.160300
4,0,82,1.3729,1.3048999999999999,1.860500,0.066200,1.607800,0.017600,0.168900
4,0,83,0.97260000000000002,0.91510000000000002,1.195900,0.061700,0.969900,0.012900,0.151400
4,0,84,2.9184000000000001,2.8367,2.028900,0.073600,1.775700,0.015600,0.164000
4,0,85,0.71650000000000003,0.65549999999999997,1.061800,0.059100,0.809200,0.013700,0.179800
4,0,86,4.7420999999999998,4.6677999999999997,2.181900,0.080300,1.915900,0.017000,0.168700
4,0,87,0.70879999999999999,0.65069999999999995,2.352000,0.085500,1.955400,0.018500,0.292600
4,0,88,0.76249999999999996,0.71599999999999997,2.285400,0.074800,1.984500,0.020200,0.205900
4,0,89,1.843,1.7217,1.758100,0.082700,1.426200,0.049700,0.199500
4,0,90,0.90259999999999996,0.8266,1.322000,0.064700,1.075500,0.015800,0.166000
4,0,91,0.82479999999999998,0.74960000000000004,1.845800,0.075400,1.568000,0.017600,0.184800
4,0,92,1.5142,1.4351,1.599500,0.067300,1.332100,0.017300,0.182800
4,0,93,0.83699999999999997,0.76249999999999996,1.013000,0.062500,0.777400,0.013300,0.159800
4,0,94,2.3224,2.2421000000000002,1.280100,0.073600,0.983000,0.015500,0.208000
4,0,95,0.80479999999999996,0.72760000000000002,2.486700,0.060700,2.212100,0.016900,0.197000
4,0,96,0.62629999999999997,0.56499999999999995,1.179000,0.072000,0.923100,0.014000,0.169900
4,0,97,3.226,3.1069,1.187600,0.079300,0.905000,0.018700,0.184600
4,0,98,1.0971,1.0105999999999999,1.131700,0.072600,0.873700,0.023700,0.161700
4,0,99,0.96440000000000003,0.90110000000000001,1.699200,0.065900,1.394100,0.017600,0.221600
4,0,100,1.4295,1.3512,1.430500,0.072000,1.159000,0.017800,0.181700
