run,enabled,index,total_ms,clamp_ms,show_ms,corners_ms,border_ms,total_cycles,total_kernel_ms,total_user_ms,show_cycles,show_kernel_ms,show_user_ms
1,0,1,11.438400,0.073000,2.105800,0.017400,9.242200,0,0.0,0.0,0,0.0,0.0
1,0,2,2.439900,0.089100,1.592500,0.296100,0.462200,0,0.0,0.0,0,0.0,0.0
1,0,3,1.560300,0.082500,1.238900,0.020300,0.218600,0,0.0,0.0,0,0.0,0.0
1,0,4,1.878600,0.094700,1.551700,0.023800,0.208400,0,0.0,0.0,0,0.0,0.0
1,0,5,3.593300,0.933100,1.975300,0.018800,0.666100,0,0.0,0.0,0,0.0,0.0
1,0,6,3.591300,0.069600,2.880100,0.020600,0.621000,0,0.0,0.0,0,0.0,0.0
1,0,7,2.349800,0.068300,2.061400,0.018200,0.201900,0,0.0,0.0,0,0.0,0.0
1,0,8,1.501600,0.079900,1.197200,0.018000,0.206500,0,0.0,0.0,0,0.0,0.0
1,0,9,1.941400,0.070800,1.640900,0.019700,0.210000,0,0.0,0.0,0,0.0,0.0
1,0,10,4.180200,2.622300,1.299600,0.020100,0.238200,0,0.0,0.0,0,0.0,0.0
1,0,11,1.701400,0.074600,1.400800,0.020400,0.205600,0,0.0,0.0,0,0.0,0.0
1,0,12,2.369000,0.080100,1.624000,0.019100,0.645800,0,0.0,0.0,0,0.0,0.0
1,0,13,2.034200,0.087500,1.597500,0.019000,0.330200,0,0.0,0.0,0,0.0,0.0
1,0,14,1.779700,0.076200,1.486400,0.019000,0.198100,0,0.0,0.0,0,0.0,0.0
1,0,15,1.471700,0.068600,1.198000,0.016500,0.188600,0,0.0,0.0,0,0.0,0.0
1,0,16,3.005100,0.207600,2.565800,0.022000,0.209700,0,0.0,0.0,0,0.0,0.0
1,0,17,2.679600,0.207500,2.270200,0.018200,0.183700,0,0.0,0.0,0,0.0,0.0
1,0,18,1.927300,0.086400,1.586400,0.020100,0.234400,0,0.0,0.0,0,0.0,0.0
1,0,19,4.066400,0.077400,3.623000,0.018900,0.347100,0,0.0,0.0,0,0.0,0.0
1,0,20,1.414100,0.058900,1.168200,0.015400,0.171600,0,0.0,0.0,0,0.0,0.0
1,0,21,1.852700,0.072000,1.566700,0.024000,0.190000,0,0.0,0.0,0,0.0,0.0
1,0,22,1.244800,0.062200,1.002200,0.014100,0.166300,0,0.0,0.0,0,0.0,0.0
1,0,23,1.302100,0.060600,1.047600,0.014600,0.179300,0,0.0,0.0,0,0.0,0.0
1,0,24,1.279300,0.075600,0.977200,0.023200,0.203300,0,0.0,0.0,0,0.0,0.0
1,0,25,1.178100,0.064000,0.922400,0.012000,0.179700,0,0.0,0.0,0,0.0,0.0
1,0,26,1.696500,0.065200,1.373200,0.016100,0.242000,0,0.0,0.0,0,0.0,0.0
1,0,27,2.435800,0.149300,1.838000,0.016400,0.432100,0,0.0,0.0,0,0.0,0.0
1,0,28,4.677300,0.275100,4.147500,0.018700,0.236000,0,0.0,0.0,0,0.0,0.0
1,0,29,2.221000,0.063000,1.942400,0.017000,0.198600,0,0.0,0.0,0,0.0,0.0
1,0,30,2.660600,0.075300,2.177400,0.105900,0.302000,0,0.0,0.0,0,0.0,0.0
1,0,31,2.610200,0.064600,1.204100,0.019300,1.322200,0,0.0,0.0,0,0.0,0.0
1,0,32,1.216300,0.065300,0.958500,0.016800,0.175700,0,0.0,0.0,0,0.0,0.0
1,0,33,1.686800,0.068100,1.381500,0.021400,0.215800,0,0.0,0.0,0,0.0,0.0
1,0,34,1.358400,0.065200,1.107600,0.015100,0.170500,0,0.0,0.0,0,0.0,0.0
1,0,35,1.263900,0.065400,1.018500,0.015100,0.164900,0,0.0,0.0,0,0.0,0.0
1,0,36,3.669700,0.080400,3.338500,0.017500,0.233300,0,0.0,0.0,0,0.0,0.0
1,0,37,1.201700,0.063300,0.947400,0.016200,0.174800,0,0.0,0.0,0,0.0,0.0
1,0,38,2.724300,0.155300,2.342300,0.018300,0.208400,0,0.0,0.0,0,0.0,0.0
1,0,39,3.302000,0.066300,2.900500,0.019200,0.316000,0,0.0,0.0,0,0.0,0.0
1,0,40,2.236500,0.091300,1.886500,0.020300,0.238400,0,0.0,0.0,0,0.0,0.0
1,0,41,2.243500,0.094000,1.869100,0.020000,0.260400,0,0.0,0.0,0,0.0,0.0
1,0,42,2.743800,0.087100,2.394100,0.021800,0.240800,0,0.0,0.0,0,0.0,0.0
1,0,43,7.614800,0.090900,7.115300,0.020700,0.387900,0,0.0,0.0,0,0.0,0.0
1,0,44,2.645700,0.072700,2.295900,0.017900,0.259200,0,0.0,0.0,0,0.0,0.0
1,0,45,3.185900,0.073900,2.694200,0.094800,0.323000,0,0.0,0.0,0,0.0,0.0
1,0,46,1.531900,0.091900,1.190800,0.019000,0.230200,0,0.0,0.0,0,0.0,0.0
1,0,47,1.609100,0.068300,1.304100,0.017800,0.218900,0,0.0,0.0,0,0.0,0.0
1,0,48,1.667900,0.064000,1.269500,0.018700,0.315700,0,0.0,0.0,0,0.0,0.0
1,0,49,1.740200,0.072800,1.252500,0.021400,0.393500,0,0.0,0.0,0,0.0,0.0
1,0,50,1.940600,0.074100,1.630300,0.021600,0.214600,0,0.0,0.0,0,0.0,0.0
1,0,51,4.804600,0.085700,4.273100,0.020600,0.425200,0,0.0,0.0,0,0.0,0.0
1,0,52,1.699900,0.072500,1.411500,0.016900,0.199000,0,0.0,0.0,0,0.0,0.0
1,0,53,4.622200,0.092500,4.230300,0.049300,0.250100,0,0.0,0.0,0,0.0,0.0
1,0,54,3.289900,0.094500,2.528000,0.030100,0.637300,0,0.0,0.0,0,0.0,0.0
1,0,55,3.373700,0.084900,2.805200,0.024200,0.459400,0,0.0,0.0,0,0.0,0.0
1,0,56,3.255400,0.077900,2.632100,0.277600,0.267800,0,0.0,0.0,0,0.0,0.0
1,0,57,2.016000,0.077600,1.126700,0.018700,0.793000,0,0.0,0.0,0,0.0,0.0
1,0,58,3.036900,0.078000,2.717400,0.019900,0.221600,0,0.0,0.0,0,0.0,0.0
1,0,59,2.955400,0.212100,2.525700,0.019300,0.198300,0,0.0,0.0,0,0.0,0.0
1,0,60,1.364400,0.073900,1.113600,0.014600,0.162300,0,0.0,0.0,0,0.0,0.0
1,0,61,1.409800,0.130600,1.119700,0.012600,0.146900,0,0.0,0.0,0,0.0,0.0
1,0,62,1.230800,0.062100,0.997300,0.013400,0.158000,0,0.0,0.0,0,0.0,0.0
1,0,63,3.077600,0.089200,2.696800,0.021500,0.270100,0,0.0,0.0,0,0.0,0.0
1,0,64,1.662000,0.069700,1.380000,0.020900,0.191400,0,0.0,0.0,0,0.0,0.0
1,0,65,2.847800,0.563800,1.594000,0.018600,0.671400,0,0.0,0.0,0,0.0,0.0
1,0,66,1.424200,0.071300,1.153100,0.016600,0.183200,0,0.0,0.0,0,0.0,0.0
1,0,67,1.967700,0.077300,1.610000,0.019500,0.260900,0,0.0,0.0,0,0.0,0.0
1,0,68,2.453100,0.078100,2.151300,0.018800,0.204900,0,0.0,0.0,0,0.0,0.0
1,0,69,3.979000,0.424400,3.230100,0.031100,0.293400,0,0.0,0.0,0,0.0,0.0
1,0,70,2.036300,0.078600,1.292800,0.020500,0.644400,0,0.0,0.0,0,0.0,0.0
1,0,71,1.687400,0.082600,1.383000,0.023100,0.198700,0,0.0,0.0,0,0.0,0.0
1,0,72,2.876900,0.063000,2.567900,0.020600,0.225400,0,0.0,0.0,0,0.0,0.0
1,0,73,1.401400,0.071600,1.096000,0.019100,0.214700,0,0.0,0.0,0,0.0,0.0
1,0,74,1.903300,0.085100,1.573500,0.020100,0.224600,0,0.0,0.0,0,0.0,0.0
1,0,75,5.279100,0.783900,4.211600,0.021300,0.262300,0,0.0,0.0,0,0.0,0.0
1,0,76,3.260900,0.423400,1.980100,0.020100,0.837300,0,0.0,0.0,0,0.0,0.0
1,0,77,1.751300,0.067800,1.465300,0.032300,0.185900,0,0.0,0.0,0,0.0,0.0
1,0,78,1.437300,0.065500,1.019400,0.018300,0.334100,0,0.0,0.0,0,0.0,0.0
1,0,79,3.665000,0.205300,3.009500,0.018100,0.432100,0,0.0,0.0,0,0.0,0.0
1,0,80,3.133600,0.612500,2.157800,0.020400,0.342900,0,0.0,0.0,0,0.0,0.0
1,0,81,2.814500,0.061600,2.452900,0.021100,0.278900,0,0.0,0.0,0,0.0,0.0
1,0,82,2.233400,0.064600,1.935300,0.019600,0.213900,0,0.0,0.0,0,0.0,0.0
1,0,83,2.501600,0.069200,2.190500,0.019700,0.222200,0,0.0,0.0,0,0.0,0.0
1,0,84,1.746700,0.072600,1.448500,0.018800,0.206800,0,0.0,0.0,0,0.0,0.0
1,0,85,1.323400,0.065300,1.070000,0.015700,0.172400,0,0.0,0.0,0,0.0,0.0
1,0,86,7.350400,0.116000,6.965800,0.021000,0.247600,0,0.0,0.0,0,0.0,0.0
1,0,87,1.791300,0.074500,1.496300,0.020000,0.200500,0,0.0,0.0,0,0.0,0.0
1,0,88,2.421800,0.097700,1.994700,0.021500,0.307900,0,0.0,0.0,0,0.0,0.0
1,0,89,4.553900,0.100800,4.142100,0.020100,0.290900,0,0.0,0.0,0,0.0,0.0
1,0,90,3.435000,0.735500,2.348100,0.030900,0.320500,0,0.0,0.0,0,0.0,0.0
1,0,91,1.493000,0.064500,1.182700,0.019000,0.226800,0,0.0,0.0,0,0.0,0.0
1,0,92,4.228300,0.446900,3.465900,0.020300,0.295200,0,0.0,0.0,0,0.0,0.0
1,0,93,3.172200,0.080500,2.640700,0.041100,0.409900,0,0.0,0.0,0,0.0,0.0
1,0,94,7.877100,0.108900,2.704000,0.027100,5.037100,0,0.0,0.0,0,0.0,0.0
1,0,95,4.710800,0.389200,4.014100,0.026000,0.281500,0,0.0,0.0,0,0.0,0.0
1,0,96,1.745100,0.071700,1.425000,0.021500,0.226900,0,0.0,0.0,0,0.0,0.0
1,0,97,1.679000,0.378000,1.089300,0.018200,0.193500,0,0.0,0.0,0,0.0,0.0
1,0,98,1.475200,0.080600,1.197000,0.016300,0.181300,0,0.0,0.0,0,0.0,0.0
1,0,99,4.790300,0.075300,4.495200,0.018500,0.201300,0,0.0,0.0,0,0.0,0.0
1,0,100,1.528900,0.073100,1.120500,0.019400,0.315900,0,0.0,0.0,0,0.0,0.0
2,1,1,7.870400,0.310600,1.575100,0.032300,5.952400,14435362,0.0,0.0,3126184,0.0,0.0
2,1,2,1.807200,0.107800,1.365300,0.039000,0.295100,3767981,0.0,15.625,2848255,0.0,0.0
2,1,3,5.068600,0.142900,4.556000,0.033800,0.335900,8081336,0.0,0.0,7001895,0.0,0.0
2,1,4,3.932500,0.112500,3.499500,0.035200,0.285300,5379383,0.0,0.0,4466785,0.0,0.0
2,1,5,8.698100,0.113600,8.253500,0.033300,0.297700,8461343,0.0,0.0,7521915,0.0,0.0
2,1,6,2.648600,0.096700,2.188100,0.034100,0.329700,3753935,0.0,0.0,2777409,0.0,0.0
2,1,7,3.751600,0.094700,3.285300,0.045800,0.325800,7716005,0.0,0.0,6724388,0.0,0.0
2,1,8,5.588300,1.669900,3.628300,0.036100,0.254000,5281922,0.0,0.0,4028513,0.0,0.0
2,1,9,1.625200,0.102300,1.246400,0.030000,0.246500,3392585,0.0,0.0,2604070,0.0,0.0
2,1,10,4.425100,0.379800,3.659500,0.035000,0.350800,6811166,0.0,0.0,5573267,0.0,0.0
2,1,11,8.605400,0.103800,7.789500,0.102200,0.609900,12451920,0.0,15.625,10767154,0.0,0.0
2,1,12,4.313300,0.133700,3.925900,0.027800,0.225900,6580600,0.0,0.0,5810531,0.0,0.0
2,1,13,2.696900,0.091000,2.340300,0.034300,0.231300,5510803,0.0,0.0,4742829,0.0,0.0
2,1,14,2.573000,0.080200,2.248200,0.042700,0.201900,4041298,0.0,0.0,3346892,0.0,0.0
2,1,15,1.729200,0.088300,1.378100,0.028900,0.233900,3607425,0.0,0.0,2862507,0.0,0.0
2,1,16,3.040700,0.095000,2.565700,0.051500,0.328500,6204789,0.0,0.0,5216105,0.0,0.0
2,1,17,3.403900,0.399100,2.742300,0.029300,0.233200,4680995,0.0,0.0,3762947,0.0,0.0
2,1,18,1.379700,0.093800,1.058100,0.026000,0.201800,2882211,0.0,0.0,2212538,0.0,0.0
2,1,19,1.733000,0.082100,1.415300,0.030500,0.205100,3552301,0.0,0.0,2871939,0.0,0.0
2,1,20,2.359400,0.231100,1.868300,0.030600,0.229400,4109626,0.0,0.0,3245445,0.0,0.0
2,1,21,3.523600,0.100800,3.121100,0.029700,0.272000,5687705,0.0,0.0,4834423,0.0,0.0
2,1,22,1.913000,0.096800,1.454100,0.042500,0.319600,3934403,0.0,0.0,3040877,0.0,0.0
2,1,23,2.464100,0.415800,1.734700,0.034100,0.279500,4578082,0.0,0.0,3452111,0.0,0.0
2,1,24,2.656200,0.169900,1.967900,0.034200,0.484200,5046120,15.625,0.0,3872988,0.0,0.0
2,1,25,4.911700,2.689100,1.389000,0.066500,0.767100,7119486,0.0,0.0,2813880,0.0,0.0
2,1,26,2.085800,0.106300,1.652900,0.038400,0.288200,4348991,0.0,0.0,3427170,0.0,0.0
2,1,27,2.864000,0.114700,2.320500,0.044800,0.384000,5079866,0.0,0.0,4058066,0.0,0.0
2,1,28,1.822600,0.088000,1.442300,0.037300,0.255000,3536372,0.0,0.0,2722285,0.0,0.0
2,1,29,13.532800,3.388400,9.824900,0.035400,0.284100,7675764,0.0,0.0,6631956,0.0,0.0
2,1,30,2.117100,0.379800,1.407100,0.060700,0.269500,3999588,0.0,0.0,2945928,0.0,0.0
2,1,31,1.921300,0.120900,1.524700,0.035300,0.240400,4013420,0.0,0.0,3184662,0.0,0.0
2,1,32,2.039200,0.113200,1.613700,0.033300,0.279000,4256559,0.0,0.0,3372884,0.0,0.0
2,1,33,2.780500,0.095200,2.403900,0.033700,0.247700,4831071,0.0,0.0,4028304,0.0,0.0
2,1,34,2.459900,0.114800,1.645400,0.031200,0.668500,4665906,0.0,0.0,3414384,0.0,0.0
2,1,35,1.651500,0.164000,1.237000,0.031900,0.218600,3425073,0.0,15.625,2579129,0.0,0.0
2,1,36,4.585200,0.141100,3.910300,0.035300,0.498500,7527783,0.0,0.0,6333901,0.0,0.0
2,1,37,3.718900,0.096900,3.297100,0.038900,0.286000,5362614,0.0,0.0,4464060,0.0,0.0
2,1,38,2.057400,0.446500,1.219900,0.032400,0.358600,3745971,0.0,0.0,2477681,0.0,0.0
2,1,39,5.186700,0.123800,2.996100,0.038300,2.028500,8104184,0.0,0.0,4647042,0.0,0.0
2,1,40,1.724000,0.084200,1.363600,0.039500,0.236700,3596945,15.625,0.0,2823940,0.0,0.0
2,1,41,1.803300,0.106400,1.386800,0.039000,0.271100,3785167,0.0,0.0,2894367,0.0,0.0
2,1,42,6.303100,1.134800,4.808700,0.040000,0.319600,8882427,0.0,0.0,7318812,0.0,0.0
2,1,43,2.775300,0.102800,2.350600,0.051300,0.270600,4326144,0.0,0.0,3422139,0.0,0.0
2,1,44,3.090100,0.346800,1.900700,0.033900,0.808700,4346684,0.0,0.0,2974644,0.0,0.0
2,1,45,1.960700,0.102400,1.540000,0.049200,0.269100,4054712,0.0,0.0,3158253,0.0,0.0
2,1,46,3.800400,0.789600,2.699500,0.032900,0.278400,6861045,0.0,0.0,5493823,0.0,0.0
2,1,47,3.106100,0.088800,2.021800,0.033100,0.962400,4863978,0.0,0.0,3733394,0.0,0.0
2,1,48,3.221100,0.158500,2.688500,0.035500,0.338600,6476641,0.0,0.0,5388397,0.0,0.0
2,1,49,1.521400,0.083300,1.212700,0.028100,0.197300,3193466,0.0,0.0,2534693,0.0,0.0
2,1,50,2.766800,0.109900,2.198400,0.037300,0.421200,4862091,0.0,0.0,3811575,0.0,0.0
2,1,51,1.911200,0.101400,1.544400,0.031000,0.234400,3886403,0.0,0.0,3098098,0.0,0.0
2,1,52,2.999400,0.080300,2.409400,0.075800,0.433900,4446667,0.0,0.0,3529456,0.0,0.0
2,1,53,1.604700,0.074900,1.285900,0.032400,0.211500,3288624,0.0,0.0,2617485,0.0,0.0
2,1,54,1.783500,0.087300,1.451000,0.031200,0.214000,3651020,0.0,0.0,2942154,0.0,0.0
2,1,55,2.856900,0.114500,2.436500,0.035900,0.270000,4857691,0.0,0.0,3981981,0.0,0.0
2,1,56,3.464300,0.115700,1.924000,0.035700,1.388900,7033759,0.0,0.0,3818494,0.0,0.0
2,1,57,1.633700,0.108700,1.306300,0.032500,0.186200,3420673,0.0,0.0,2712015,0.0,0.0
2,1,58,2.932500,0.093800,2.519000,0.032500,0.287200,5805710,0.0,0.0,4943625,0.0,0.0
2,1,59,1.844800,0.085500,1.490700,0.029900,0.238700,3851611,0.0,0.0,3098308,0.0,0.0
2,1,60,6.502200,0.101900,6.051500,0.044200,0.304600,8068762,0.0,0.0,7109842,0.0,0.0
2,1,61,2.215800,0.097000,1.793800,0.030300,0.294700,4138344,0.0,0.0,3261168,0.0,0.0
2,1,62,3.140300,0.090800,2.689700,0.037600,0.322200,4434297,15.625,0.0,3495080,15.625,0.0
2,1,63,5.383600,0.330100,4.734800,0.031900,0.286800,8047385,0.0,0.0,7033759,0.0,0.0
2,1,64,2.077400,0.098600,1.667900,0.034100,0.276800,4282545,0.0,0.0,3453998,0.0,0.0
2,1,65,2.224900,0.131200,1.858000,0.030400,0.205300,3922036,15.625,0.0,3138550,0.0,0.0
2,1,66,2.217100,0.097900,1.759100,0.032300,0.327800,4369319,0.0,0.0,3482293,0.0,0.0
2,1,67,2.523600,0.158500,1.992800,0.030100,0.342200,4905689,0.0,0.0,3852029,0.0,0.0
2,1,68,3.978700,0.411900,3.155900,0.032100,0.378800,5223443,15.625,0.0,4077978,0.0,0.0
2,1,69,1.588200,0.116700,1.201900,0.032500,0.237100,3314614,0.0,0.0,2494658,0.0,0.0
2,1,70,3.749200,0.132700,2.855400,0.050000,0.711100,5644110,15.625,0.0,4366178,15.625,0.0
2,1,71,2.177300,0.099100,1.829700,0.030000,0.218500,4378125,0.0,0.0,3636771,0.0,0.0
2,1,72,8.579100,0.321800,7.697400,0.032800,0.527100,8532190,0.0,0.0,7199552,0.0,0.0
2,1,73,2.297000,0.102600,1.941700,0.030700,0.222000,4364708,0.0,0.0,3603442,0.0,0.0
2,1,74,1.995100,0.099100,1.535600,0.036600,0.323800,4155110,0.0,0.0,3183195,0.0,0.0
2,1,75,2.018100,0.137500,1.508000,0.034900,0.337700,3756450,0.0,0.0,2784536,0.0,0.0
2,1,76,2.870600,0.096600,2.486300,0.037700,0.250000,4814093,0.0,0.0,3996025,0.0,0.0
2,1,77,2.966000,0.167200,2.309000,0.038600,0.451200,4945511,0.0,0.0,3881163,0.0,0.0
2,1,78,2.093200,0.090000,1.732300,0.049500,0.221400,4308119,0.0,0.0,3536581,0.0,0.0
2,1,79,1.799100,0.098000,1.403000,0.034700,0.263400,3752050,0.0,0.0,2931046,0.0,0.0
2,1,80,5.145500,0.098300,4.694900,0.033800,0.318500,7448973,0.0,0.0,6489215,0.0,0.0
2,1,81,3.913100,0.280000,3.357300,0.032000,0.243800,5501788,15.625,0.0,4505140,0.0,0.0
2,1,82,2.517100,0.092300,1.811200,0.036600,0.577000,4649348,15.625,0.0,3696296,0.0,0.0
2,1,83,2.466100,0.408600,1.721800,0.044500,0.291200,4221135,0.0,0.0,3114236,0.0,0.0
2,1,84,2.533300,0.342200,1.895800,0.037500,0.257800,4635513,0.0,0.0,3584998,0.0,0.0
2,1,85,1.575700,0.091400,1.237800,0.033700,0.212800,3272276,0.0,0.0,2546221,0.0,0.0
2,1,86,2.423400,0.100500,2.039800,0.031700,0.251400,4587726,0.0,0.0,3768819,0.0,0.0
2,1,87,1.791700,0.284200,1.256400,0.031100,0.220000,3448967,0.0,0.0,2629641,0.0,0.0
2,1,88,4.138900,0.522100,3.314100,0.035600,0.267100,6692109,0.0,0.0,5740735,0.0,0.0
2,1,89,2.309500,0.098400,1.892000,0.044800,0.274300,4596740,0.0,0.0,3705520,0.0,0.0
2,1,90,3.541000,0.104700,2.762200,0.111000,0.563100,5671566,0.0,0.0,4056179,0.0,0.0
2,1,91,1.718900,0.098300,1.306700,0.041300,0.272600,3528407,0.0,0.0,2655632,0.0,0.0
2,1,92,1.313000,0.083200,1.014200,0.026800,0.188800,2743665,0.0,0.0,2108157,0.0,0.0
2,1,93,1.767800,0.083900,1.436200,0.030200,0.217500,3688331,0.0,0.0,2983865,0.0,0.0
2,1,94,2.747100,0.145700,2.144600,0.133400,0.323400,3822056,0.0,0.0,2712224,0.0,0.0
2,1,95,4.251500,0.093700,3.841100,0.031500,0.285200,6496339,0.0,0.0,5625032,0.0,0.0
2,1,96,6.540000,0.097600,5.725100,0.119700,0.597600,7275213,0.0,0.0,6072530,0.0,0.0
2,1,97,3.231400,0.102100,2.346700,0.062900,0.719700,4981143,0.0,0.0,3708453,0.0,0.0
2,1,98,5.424700,0.092300,4.659900,0.030200,0.642300,7162659,0.0,0.0,6160142,0.0,0.0
2,1,99,2.732900,0.176200,2.014000,0.040500,0.502200,4851400,0.0,0.0,3714111,0.0,0.0
2,1,100,2.229900,0.111600,1.838200,0.031200,0.248900,4521281,0.0,0.0,3684348,0.0,0.0
3,1,1,7.440500,0.084800,1.055600,0.026800,6.273300,12466167,0.0,15.625,2180469,0.0,0.0
3,1,2,2.016400,0.089000,1.670900,0.031300,0.225200,3960810,0.0,0.0,3218617,0.0,0.0
3,1,3,2.698200,0.095900,1.895900,0.034100,0.672300,4748492,15.625,0.0,3631740,0.0,0.0
3,1,4,1.681800,0.077600,1.268500,0.037600,0.298100,3491937,0.0,0.0,2627127,0.0,0.0
3,1,5,3.918700,0.088600,2.249800,0.083900,1.496400,5156158,0.0,0.0,3923712,0.0,0.0
3,1,6,2.662500,0.215700,1.942400,0.101500,0.402900,3943835,0.0,0.0,2876341,0.0,0.0
3,1,7,1.454400,0.081700,1.130400,0.030400,0.211900,3035846,0.0,0.0,2340184,0.0,0.0
3,1,8,1.977100,0.097600,1.616000,0.028000,0.235500,4029349,0.0,0.0,3274790,0.0,0.0
3,1,9,6.607700,0.083600,6.253900,0.028900,0.241300,6506823,0.0,0.0,5746395,0.0,0.0
3,1,10,1.786100,0.098900,1.438600,0.027900,0.220700,3748068,0.0,0.0,3005874,0.0,0.0
3,1,11,4.514800,0.957200,3.097300,0.029400,0.430900,5380433,0.0,0.0,2677012,0.0,0.0
3,1,12,1.988400,0.093400,1.628100,0.028800,0.238100,4036267,0.0,0.0,3285900,0.0,0.0
3,1,13,1.910800,0.079100,1.097600,0.028000,0.706100,3289882,0.0,0.0,2273321,0.0,0.0
3,1,14,4.495100,0.457400,3.711700,0.042400,0.283600,6991209,0.0,0.0,5831282,0.0,0.0
3,1,15,3.023900,0.156200,1.951000,0.031600,0.885100,4666325,15.625,0.0,3297847,15.625,0.0
3,1,16,4.496100,0.084900,2.718000,0.219000,1.474200,6437234,0.0,0.0,3671354,0.0,0.0
3,1,17,1.513400,0.079600,1.178600,0.033100,0.222100,3019287,0.0,0.0,2317128,0.0,0.0
3,1,18,2.329200,0.094200,1.964600,0.042400,0.228000,4195774,15.625,0.0,3412499,15.625,0.0
3,1,19,1.784100,0.092500,1.435300,0.031000,0.225300,3695250,0.0,0.0,2946977,0.0,0.0
3,1,20,2.139000,0.108800,1.739500,0.033100,0.257600,3573891,0.0,0.0,2723125,0.0,0.0
3,1,21,4.142200,0.082700,3.125900,0.241900,0.691700,6312104,0.0,0.0,5187181,0.0,0.0
3,1,22,1.926600,0.082600,1.410300,0.045200,0.388500,3365754,0.0,0.0,2385037,0.0,0.0
3,1,23,1.654300,0.079900,1.349000,0.031000,0.194400,3432200,0.0,0.0,2777200,0.0,0.0
3,1,24,3.243400,0.381700,2.512700,0.037200,0.311800,4871311,0.0,0.0,3676384,0.0,0.0
3,1,25,3.176600,0.109400,2.707700,0.069700,0.289800,6237906,0.0,0.0,5291981,0.0,0.0
3,1,26,2.757600,0.368500,2.116400,0.034000,0.238700,4519396,0.0,0.0,3471395,0.0,0.0
3,1,27,3.401300,0.091500,2.909200,0.028900,0.371700,4536373,0.0,0.0,3645992,0.0,0.0
3,1,28,5.594800,0.145600,2.656000,0.034000,2.759200,7705945,0.0,0.0,4063932,0.0,0.0
3,1,29,2.448000,0.087900,2.092500,0.036300,0.231300,3962696,0.0,0.0,3202897,0.0,0.0
3,1,30,10.018000,0.087700,9.228700,0.032000,0.669600,6978634,0.0,0.0,5960605,0.0,0.0
3,1,31,3.679300,0.265900,3.150000,0.038400,0.225000,5205204,0.0,0.0,4341234,0.0,0.0
3,1,32,3.592600,0.086800,3.250400,0.033700,0.221700,4326562,0.0,0.0,3595897,0.0,0.0
3,1,33,3.623000,0.082500,2.598800,0.107000,0.834700,4684979,0.0,0.0,3548527,0.0,0.0
3,1,34,2.069500,0.098700,1.694900,0.028600,0.247300,4006293,0.0,0.0,3204364,0.0,0.0
3,1,35,4.008700,0.165100,3.369900,0.027500,0.446200,4990369,0.0,0.0,3988271,0.0,0.0
3,1,36,2.819400,0.121600,2.429100,0.031500,0.237200,5626713,0.0,0.0,2727525,0.0,0.0
3,1,37,2.082300,0.091500,1.728100,0.030400,0.232300,4014890,0.0,0.0,3257813,0.0,0.0
3,1,38,2.957600,0.090100,2.503100,0.033100,0.331300,3552510,0.0,0.0,2612035,0.0,0.0
3,1,39,2.348900,0.123400,1.888100,0.035000,0.302400,4810948,15.625,0.0,3833794,0.0,0.0
3,1,40,4.918900,0.147600,4.430600,0.042300,0.298400,7741997,0.0,0.0,6753942,0.0,0.0
3,1,41,2.309700,0.123500,1.836100,0.046500,0.303600,4568442,0.0,0.0,3533436,0.0,0.0
3,1,42,3.312200,0.109500,2.845500,0.034800,0.322400,6707200,0.0,0.0,5719356,0.0,0.0
3,1,43,3.104100,0.105000,2.627500,0.035400,0.336200,5252785,0.0,0.0,4274372,0.0,0.0
3,1,44,3.216500,0.083900,2.853400,0.032300,0.246900,4717887,15.625,0.0,3942577,15.625,0.0
3,1,45,1.903400,0.076200,1.581400,0.032800,0.213000,3352971,0.0,0.0,2658776,0.0,0.0
3,1,46,2.508100,0.096000,2.105800,0.034000,0.272300,4560686,0.0,0.0,3705099,0.0,0.0
3,1,47,1.914500,0.097600,1.588700,0.030900,0.197300,3600720,0.0,0.0,2903380,0.0,0.0
3,1,48,1.539300,0.093700,1.224000,0.033400,0.188200,3153012,0.0,0.0,2470974,0.0,0.0
3,1,49,7.092900,0.267500,6.446500,0.032000,0.346900,8594435,0.0,0.0,7524009,0.0,0.0
3,1,50,2.092600,0.072100,1.766900,0.031400,0.222200,3918892,0.0,0.0,3219876,0.0,0.0
3,1,51,2.638000,0.121300,2.259200,0.031500,0.226000,4841340,0.0,0.0,4027674,0.0,0.0
3,1,52,1.734800,0.094700,1.400600,0.031000,0.208500,3618952,0.0,0.0,2883048,0.0,0.0
3,1,53,5.412600,1.966600,2.741800,0.039400,0.664800,6378126,0.0,0.0,2946137,0.0,0.0
3,1,54,3.329900,0.310700,2.710700,0.036900,0.271600,5090976,0.0,0.0,4070433,0.0,0.0
3,1,55,1.693200,0.279400,1.159000,0.031400,0.223400,3336622,0.0,0.0,2394680,0.0,0.0
3,1,56,3.065000,0.724100,2.038900,0.031500,0.270500,4695667,15.625,0.0,3552510,15.625,0.0
3,1,57,3.589400,1.951300,1.345700,0.034500,0.257900,6140861,0.0,0.0,2692731,0.0,0.0
3,1,58,3.209700,0.206500,2.667200,0.033200,0.302800,4824147,0.0,0.0,3902538,0.0,0.0
3,1,59,2.271600,0.086200,1.910300,0.035100,0.240000,4410192,0.0,0.0,3633414,0.0,0.0
3,1,60,2.288300,0.105800,1.864300,0.037300,0.280900,4762740,0.0,0.0,3894368,0.0,0.0
3,1,61,2.248700,0.104600,1.736500,0.059600,0.348000,4051151,0.0,0.0,3025996,0.0,0.0
3,1,62,2.139300,0.104800,1.765900,0.035800,0.232800,4343960,0.0,0.0,3541192,0.0,0.0
3,1,63,2.315800,0.154800,1.844200,0.031600,0.285200,4480200,0.0,0.0,3594641,0.0,0.0
3,1,64,2.744100,0.102700,2.247800,0.082400,0.311200,4738009,0.0,0.0,3759387,0.0,0.0
3,1,65,2.123700,0.101000,1.735700,0.031800,0.255200,4365131,0.0,0.0,3535743,0.0,0.0
3,1,66,2.162700,0.103000,1.275300,0.035200,0.749200,3903380,0.0,0.0,2638863,0.0,0.0
3,1,67,2.157000,0.110700,1.690000,0.038700,0.317600,4401812,0.0,0.0,3476217,0.0,0.0
3,1,68,1.740000,0.118300,1.317400,0.035100,0.269200,3626708,0.0,0.0,2725009,0.0,0.0
3,1,69,4.099000,0.935600,2.763500,0.035300,0.364600,5280451,0.0,0.0,3835470,0.0,0.0
3,1,70,2.316500,0.096300,1.835300,0.036500,0.348400,4577664,0.0,0.0,3572841,0.0,0.0
3,1,71,4.820200,0.169800,2.417200,0.038900,2.194300,8110265,0.0,0.0,4240628,0.0,0.0
3,1,72,2.786200,0.107000,2.380800,0.030300,0.268100,4893532,0.0,0.0,4030609,0.0,0.0
3,1,73,2.777400,0.086800,2.465600,0.036100,0.188900,4588773,0.0,0.0,3909878,0.0,0.0
3,1,74,1.659800,0.093000,1.253700,0.091000,0.222100,3196400,0.0,0.0,2418365,0.0,0.0
3,1,75,3.245800,0.092300,2.291100,0.030400,0.832000,4797535,0.0,0.0,3618534,0.0,0.0
3,1,76,2.426700,0.107500,1.709300,0.042400,0.567500,4162445,0.0,0.0,2929998,0.0,0.0
3,1,77,4.192600,0.102100,2.079600,0.035200,1.975700,8438077,0.0,0.0,4093488,0.0,0.0
3,1,78,3.763700,0.105200,3.188900,0.031600,0.438000,5168527,0.0,0.0,4160979,0.0,0.0
3,1,79,3.079200,0.448300,2.362200,0.032700,0.236000,5070015,0.0,0.0,3936916,0.0,0.0
3,1,80,1.888200,0.090100,1.563700,0.031900,0.202500,3844902,0.0,0.0,3148821,0.0,0.0
3,1,81,2.250000,0.092000,1.910700,0.032600,0.214700,4352972,0.0,0.0,3625031,0.0,0.0
3,1,82,4.111400,0.083900,3.721800,0.051800,0.253900,6899404,0.0,0.0,6086995,0.0,0.0
3,1,83,2.077400,0.109200,1.705400,0.031600,0.231200,4302671,0.0,0.0,3531761,0.0,0.0
3,1,84,6.288400,0.183900,5.646000,0.035900,0.422600,7993725,0.0,0.0,6912189,0.0,0.0
3,1,85,3.519700,0.109300,3.024600,0.039700,0.346100,6736545,0.0,0.0,5703009,0.0,0.0
3,1,86,2.390800,0.179300,1.886300,0.038300,0.286900,4741570,0.0,0.0,3762110,0.0,0.0
3,1,87,3.044600,0.099000,2.633800,0.038000,0.273800,5162869,0.0,0.0,4309377,0.0,0.0
3,1,88,2.580800,0.108000,2.057300,0.069600,0.345900,5139393,0.0,0.0,4077978,0.0,0.0
3,1,89,4.578000,1.009700,3.171400,0.071400,0.325500,7707621,0.0,0.0,6242097,0.0,0.0
3,1,90,2.511300,0.099100,2.140600,0.036600,0.235000,4682464,0.0,0.0,3885355,0.0,0.0
3,1,91,1.932600,0.092400,1.581000,0.032900,0.226300,4035430,15.625,0.0,3279402,15.625,0.0
3,1,92,1.546800,0.090700,1.206800,0.030200,0.219100,3223648,15.625,0.0,2496755,15.625,0.0
3,1,93,3.092200,0.102900,2.276600,0.041100,0.671600,5154902,0.0,0.0,3963116,0.0,0.0
3,1,94,2.123500,0.090400,1.733600,0.032900,0.266600,4200804,0.0,0.0,3382316,0.0,0.0
3,1,95,2.476200,0.098300,2.115500,0.044000,0.218400,4482507,0.0,0.0,3712436,0.0,0.0
3,1,96,1.685000,0.081000,1.350300,0.031300,0.222400,3524633,0.0,0.0,2816814,0.0,0.0
3,1,97,2.006300,0.091400,1.645300,0.035600,0.234000,4133312,0.0,0.0,3361775,0.0,0.0
3,1,98,3.112100,0.090400,2.631500,0.081300,0.308900,5553352,0.0,0.0,4629645,0.0,0.0
3,1,99,1.568300,0.093200,1.189000,0.027500,0.258600,3117801,0.0,0.0,2327398,0.0,0.0
3,1,100,2.090400,0.079300,1.718700,0.037900,0.254500,4326143,0.0,0.0,3524005,0.0,0.0
4,0,1,8.969300,0.079700,4.655800,0.022700,4.211100,0,0.0,0.0,0,0.0,0.0
4,0,2,2.025700,0.101800,1.630100,0.022300,0.271500,0,0.0,0.0,0,0.0,0.0
4,0,3,1.984300,0.093900,1.611000,0.020400,0.259000,0,0.0,0.0,0,0.0,0.0
4,0,4,2.186900,0.118000,1.795500,0.023100,0.250300,0,0.0,0.0,0,0.0,0.0
4,0,5,3.770000,0.085200,3.105700,0.025300,0.553800,0,0.0,0.0,0,0.0,0.0
4,0,6,4.245100,0.068400,3.567000,0.022500,0.587200,0,0.0,0.0,0,0.0,0.0
4,0,7,2.139500,0.094400,1.817500,0.021000,0.206600,0,0.0,0.0,0,0.0,0.0
4,0,8,2.620600,0.088100,2.282200,0.021800,0.228500,0,0.0,0.0,0,0.0,0.0
4,0,9,2.221900,0.088800,1.852200,0.021300,0.259600,0,0.0,0.0,0,0.0,0.0
4,0,10,3.923900,0.860500,2.690900,0.022600,0.349900,0,0.0,0.0,0,0.0,0.0
4,0,11,2.733000,0.099800,1.668300,0.024300,0.940600,0,0.0,0.0,0,0.0,0.0
4,0,12,1.703300,0.108600,1.306100,0.021400,0.267200,0,0.0,0.0,0,0.0,0.0
4,0,13,3.384900,1.393600,1.663600,0.022900,0.304800,0,0.0,0.0,0,0.0,0.0
4,0,14,2.857600,0.688500,1.902100,0.021700,0.245300,0,0.0,0.0,0,0.0,0.0
4,0,15,1.589300,0.079500,1.261800,0.025300,0.222700,0,0.0,0.0,0,0.0,0.0
4,0,16,2.359800,0.091200,2.024000,0.022800,0.221800,0,0.0,0.0,0,0.0,0.0
4,0,17,3.065700,0.101700,2.082000,0.030600,0.851400,0,0.0,0.0,0,0.0,0.0
4,0,18,1.559600,0.095300,1.225200,0.021500,0.217600,0,0.0,0.0,0,0.0,0.0
4,0,19,2.666700,0.093100,2.056800,0.027100,0.489700,0,0.0,0.0,0,0.0,0.0
4,0,20,2.716300,0.111100,2.326700,0.021800,0.256700,0,0.0,0.0,0,0.0,0.0
4,0,21,2.405100,0.079500,1.285800,0.023400,1.016400,0,0.0,0.0,0,0.0,0.0
4,0,22,1.836500,0.083300,1.503800,0.023400,0.226000,0,0.0,0.0,0,0.0,0.0
4,0,23,2.206800,0.100100,1.800700,0.022800,0.283200,0,0.0,0.0,0,0.0,0.0
4,0,24,3.587400,0.085800,3.155100,0.026800,0.319700,0,0.0,0.0,0,0.0,0.0
4,0,25,4.672200,0.201600,3.673900,0.063600,0.733100,0,0.0,0.0,0,0.0,0.0
4,0,26,2.402200,0.072900,1.490100,0.019600,0.819600,0,0.0,0.0,0,0.0,0.0
4,0,27,2.132000,0.113600,1.727500,0.028500,0.262400,0,0.0,0.0,0,0.0,0.0
4,0,28,4.391200,0.161300,1.343000,0.022500,2.864400,0,0.0,0.0,0,0.0,0.0
4,0,29,2.314000,0.094100,1.877600,0.021100,0.321200,0,0.0,0.0,0,0.0,0.0
4,0,30,3.569700,1.184500,2.099300,0.024200,0.261700,0,0.0,0.0,0,0.0,0.0
4,0,31,1.794200,0.076100,1.474800,0.022800,0.220500,0,0.0,0.0,0,0.0,0.0
4,0,32,2.782400,0.115300,2.431600,0.021100,0.214400,0,0.0,0.0,0,0.0,0.0
4,0,33,4.753000,0.093800,4.360500,0.020000,0.278700,0,0.0,0.0,0,0.0,0.0
4,0,34,1.655100,0.069500,1.220000,0.025800,0.339800,0,0.0,0.0,0,0.0,0.0
4,0,35,1.908500,0.098500,1.518100,0.021500,0.270400,0,0.0,0.0,0,0.0,0.0
4,0,36,3.097000,0.731900,2.064400,0.026700,0.274000,0,0.0,0.0,0,0.0,0.0
4,0,37,2.302800,0.090300,1.872900,0.045100,0.294500,0,0.0,0.0,0,0.0,0.0
4,0,38,4.266800,0.106300,3.786700,0.026100,0.347700,0,0.0,0.0,0,0.0,0.0
4,0,39,1.749300,0.073600,1.396100,0.026800,0.252800,0,0.0,0.0,0,0.0,0.0
4,0,40,3.005500,0.984900,1.558700,0.022500,0.439400,0,0.0,0.0,0,0.0,0.0
4,0,41,2.239900,0.138800,1.824900,0.026000,0.250200,0,0.0,0.0,0,0.0,0.0
4,0,42,5.658400,0.063500,4.150600,0.020400,1.423900,0,0.0,0.0,0,0.0,0.0
4,0,43,4.484400,0.098100,3.805500,0.141700,0.439100,0,0.0,0.0,0,0.0,0.0
4,0,44,2.264300,0.107400,1.663900,0.024100,0.468900,0,0.0,0.0,0,0.0,0.0
4,0,45,1.998800,0.099000,1.602100,0.023200,0.274500,0,0.0,0.0,0,0.0,0.0
4,0,46,2.176500,0.098800,1.810800,0.024800,0.242100,0,0.0,0.0,0,0.0,0.0
4,0,47,2.561000,0.112800,2.117000,0.024600,0.306600,0,0.0,0.0,0,0.0,0.0
4,0,48,2.139800,0.098400,1.745100,0.027900,0.268400,0,0.0,0.0,0,0.0,0.0
4,0,49,4.425000,0.079100,3.164400,0.297100,0.884400,0,0.0,0.0,0,0.0,0.0
4,0,50,1.775600,0.108300,1.307900,0.025500,0.333900,0,0.0,0.0,0,0.0,0.0
4,0,51,1.863600,0.105000,1.467800,0.025100,0.265700,0,0.0,0.0,0,0.0,0.0
4,0,52,5.890900,0.514400,5.037600,0.023300,0.315600,0,0.0,0.0,0,0.0,0.0
4,0,53,2.479300,0.097500,2.097100,0.023700,0.261000,0,0.0,0.0,0,0.0,0.0
4,0,54,1.818300,0.081800,1.426400,0.020700,0.289400,0,0.0,0.0,0,0.0,0.0
4,0,55,1.892500,0.080500,1.524200,0.028100,0.259700,0,0.0,0.0,0,0.0,0.0
4,0,56,2.310700,0.086400,1.850100,0.066300,0.307900,0,0.0,0.0,0,0.0,0.0
4,0,57,4.158800,0.090700,3.801000,0.022100,0.245000,0,0.0,0.0,0,0.0,0.0
4,0,58,2.339400,0.092300,1.854500,0.027500,0.365100,0,0.0,0.0,0,0.0,0.0
4,0,59,5.041300,0.088400,4.469500,0.024700,0.458700,0,0.0,0.0,0,0.0,0.0
4,0,60,2.215000,0.095600,1.842600,0.025900,0.250900,0,0.0,0.0,0,0.0,0.0
4,0,61,5.427100,0.089600,2.780700,0.021500,2.535300,0,0.0,0.0,0,0.0,0.0
4,0,62,10.951700,0.095900,10.523200,0.026100,0.306500,0,0.0,0.0,0,0.0,0.0
4,0,63,1.870200,0.091400,1.485800,0.025100,0.267900,0,0.0,0.0,0,0.0,0.0
4,0,64,4.374600,0.088100,3.453600,0.404000,0.428900,0,0.0,0.0,0,0.0,0.0
4,0,65,2.503400,0.126200,2.073900,0.026200,0.277100,0,0.0,0.0,0,0.0,0.0
4,0,66,2.206400,0.103300,1.590500,0.022700,0.489900,0,0.0,0.0,0,0.0,0.0
4,0,67,3.042200,0.124800,2.558700,0.025600,0.333100,0,0.0,0.0,0,0.0,0.0
4,0,68,5.027000,2.898100,1.758900,0.031200,0.338800,0,0.0,0.0,0,0.0,0.0
4,0,69,5.686300,0.101000,5.272100,0.025300,0.287900,0,0.0,0.0,0,0.0,0.0
4,0,70,3.807200,0.090200,2.956800,0.024200,0.736000,0,0.0,0.0,0,0.0,0.0
4,0,71,1.730100,0.138000,1.353300,0.024200,0.214600,0,0.0,0.0,0,0.0,0.0
4,0,72,4.016000,0.079600,2.922800,0.025300,0.988300,0,0.0,0.0,0,0.0,0.0
4,0,73,2.949700,0.099600,1.615000,0.023800,1.211300,0,0.0,0.0,0,0.0,0.0
4,0,74,2.250300,0.083200,1.834700,0.026700,0.305700,0,0.0,0.0,0,0.0,0.0
4,0,75,7.882200,0.082800,7.255300,0.025000,0.519100,0,0.0,0.0,0,0.0,0.0
4,0,76,4.420600,0.319100,3.798800,0.023800,0.278900,0,0.0,0.0,0,0.0,0.0
4,0,77,4.667100,0.080300,3.991500,0.029100,0.566200,0,0.0,0.0,0,0.0,0.0
4,0,78,1.933400,0.085100,1.590100,0.022100,0.236100,0,0.0,0.0,0,0.0,0.0
4,0,79,3.111000,0.083400,1.682900,0.030500,1.314200,0,0.0,0.0,0,0.0,0.0
4,0,80,2.942600,0.372200,1.720700,0.023500,0.826200,0,0.0,0.0,0,0.0,0.0
4,0,81,1.449400,0.066900,1.158700,0.021300,0.202500,0,0.0,0.0,0,0.0,0.0
4,0,82,2.522500,0.123500,2.075700,0.022000,0.301300,0,0.0,0.0,0,0.0,0.0
4,0,83,5.110200,0.159300,4.011200,0.126300,0.813400,0,0.0,0.0,0,0.0,0.0
4,0,84,2.142900,0.076100,1.817500,0.020600,0.228700,0,0.0,0.0,0,0.0,0.0
4,0,85,2.387600,0.061900,2.089900,0.019800,0.216000,0,0.0,0.0,0,0.0,0.0
4,0,86,2.184800,0.085900,1.868400,0.022900,0.207600,0,0.0,0.0,0,0.0,0.0
4,0,87,4.384000,0.094800,4.033000,0.020800,0.235400,0,0.0,0.0,0,0.0,0.0
4,0,88,1.754400,0.085500,1.417800,0.018100,0.233000,0,0.0,0.0,0,0.0,0.0
4,0,89,2.840300,0.228700,2.358300,0.021300,0.232000,0,0.0,0.0,0,0.0,0.0
4,0,90,3.198900,0.082500,2.780700,0.022000,0.313700,0,0.0,0.0,0,0.0,0.0
4,0,91,4.410200,0.447600,3.215600,0.019600,0.727400,0,0.0,0.0,0,0.0,0.0
4,0,92,1.917400,0.070300,1.612000,0.018200,0.216900,0,0.0,0.0,0,0.0,0.0
4,0,93,2.002900,0.068000,1.648200,0.023300,0.263400,0,0.0,0.0,0,0.0,0.0
4,0,94,3.970600,0.686200,2.956700,0.025900,0.301800,0,0.0,0.0,0,0.0,0.0
4,0,95,5.134300,0.099200,4.695400,0.024700,0.315000,0,0.0,0.0,0,0.0,0.0
4,0,96,3.573200,0.086700,3.185800,0.024000,0.276700,0,0.0,0.0,0,0.0,0.0
4,0,97,2.567500,0.550500,1.597600,0.022400,0.397000,0,0.0,0.0,0,0.0,0.0
4,0,98,4.561500,1.098800,2.952200,0.024300,0.486200,0,0.0,0.0,0,0.0,0.0
4,0,99,3.364500,0.101700,1.766600,0.075900,1.420300,0,0.0,0.0,0,0.0,0.0
4,0,100,2.950000,1.190100,1.361500,0.023000,0.375400,0,0.0,0.0,0,0.0,0.0
